{"stats":{"minecraft:mined":{"minecraft:dark_oak_log":3,"treechop:chopped_log":9,"minecraft:oak_leaves":1},"minecraft:picked_up":{"minecraft:dark_oak_log":2},"minecraft:custom":{"minecraft:jump":318,"minecraft:time_since_rest":10681,"minecraft:leave_game":1,"minecraft:crouch_one_cm":241,"minecraft:play_one_minute":10681,"minecraft:walk_on_water_one_cm":1803,"minecraft:sprint_one_cm":23058,"minecraft:damage_taken":100,"minecraft:time_since_death":10681,"minecraft:walk_one_cm":26820,"minecraft:sneak_time":113,"minecraft:walk_under_water_one_cm":1299,"minecraft:swim_one_cm":1489,"minecraft:fall_one_cm":9475,"minecraft:fly_one_cm":59851}},"DataVersion":2586}