{"stats":{"minecraft:mined":{"minecraft:dark_oak_planks":1,"minecraft:spruce_planks":1,"minecraft:white_bed":2,"iceandfire:myrmex_resin_desert":4,"minecraft:black_terracotta":1,"minecraft:obsidian":16,"twilightforest:naga_stone":3,"minecraft:spruce_trapdoor":1,"minecraft:granite":32,"minecraft:grass_block":20,"iceandfire:lectern":1,"minecraft:white_concrete":8,"minecraft:coal_block":2,"minecraft:purpur_slab":1,"minecraft:composter":1,"minecraft:oxeye_daisy":3,"minecraft:spawner":17,"iceandfire:crackled_cobblestone":1,"minecraft:chorus_flower":1,"minecraft:iron_ore":94,"minecraft:fire":23,"minecraft:fletching_table":4,"minecraft:azure_bluet":13,"minecraft:brown_bed":6,"minecraft:red_tulip":1,"twilightforest:canopy_leaves":1152,"iceandfire:gold_pile":2,"minecraft:light_gray_concrete":28,"minecraft:end_stone_bricks":2,"minecraft:iron_block":2,"minecraft:spruce_slab":1,"minecraft:tripwire":4,"minecraft:red_bed":1,"minecraft:purpur_stairs":1,"minecraft:torch":12,"twilightforest:spiral_bricks":2,"minecraft:poppy":12,"minecraft:melon":6,"twilightforest:twilight_oak_log":31,"minecraft:mushroom_stem":1,"minecraft:nether_quartz_ore":4,"minecraft:cobblestone":22,"minecraft:oak_planks":38,"minecraft:iron_door":2,"minecraft:wall_torch":5,"minecraft:warped_nylium":1,"minecraft:dark_oak_slab":1,"minecraft:warped_planks":1,"minecraft:birch_log":4,"twilightforest:twilight_oak_planks":1,"minecraft:smooth_stone_slab":5,"minecraft:tnt":2,"minecraft:purpur_block":2,"minecraft:potted_poppy":1,"minecraft:wither_rose":3,"minecraft:grass":57,"minecraft:dirt":20,"minecraft:oak_log":55,"minecraft:sand":57,"minecraft:smooth_quartz":12,"minecraft:infested_cracked_stone_bricks":1,"twilightforest:canopy_log":132,"minecraft:red_mushroom_block":44,"minecraft:netherrack":138,"minecraft:oak_leaves":514,"twilightforest:firefly":1,"minecraft:diamond_ore":51,"iceandfire:silver_ore":4,"minecraft:mossy_cobblestone":4,"minecraft:end_stone":32,"gravestone:gravestone":12,"minecraft:ladder":1,"minecraft:brown_mushroom_block":26,"minecraft:spruce_leaves":12,"minecraft:cartography_table":9,"iceandfire:myrmex_desert_biolight":2,"cgm:workbench":3,"minecraft:hay_block":5,"twilightforest:mushgloom":1,"twilightforest:etched_nagastone":1,"minecraft:redstone_ore":5,"minecraft:furnace":3,"minecraft:andesite":42,"twilightforest:canopy_planks":2,"minecraft:black_concrete":5,"treechop:chopped_log":99,"twilightforest:twilight_oak_leaves":312,"minecraft:gold_block":2,"minecraft:peony":1,"minecraft:bookshelf":83,"minecraft:shroomlight":1,"minecraft:warped_stem":13,"minecraft:stone":553,"twilightforest:naga_stone_head":1,"minecraft:gray_concrete":2,"minecraft:infested_stone_bricks":6,"minecraft:dandelion":5,"minecraft:oak_fence":2,"minecraft:crafting_table":4,"minecraft:warped_roots":4,"minecraft:rose_bush":1,"minecraft:lectern":41,"minecraft:purpur_pillar":1,"minecraft:tall_grass":13,"minecraft:lapis_ore":3,"minecraft:diorite":23,"minecraft:warped_wart_block":135,"minecraft:sweet_berry_bush":7,"minecraft:spruce_log":6,"minecraft:birch_leaves":10,"minecraft:yellow_bed":1,"minecraft:coal_ore":32,"minecraft:end_rod":2,"minecraft:gravel":49,"twilightforest:canopy_stairs":3,"minecraft:cobweb":49,"minecraft:cracked_stone_bricks":7,"minecraft:polished_andesite":3,"minecraft:stone_bricks":32,"minecraft:mossy_stone_bricks":16,"minecraft:fern":1},"minecraft:picked_up":{"minecraft:shulker_shell":6,"twilightforest:lich_trophy":1,"minecraft:prismarine_shard":3,"twilightforest:naga_trophy":1,"minecraft:brown_bed":6,"minecraft:wither_rose":5,"minecraft:enchanted_book":1,"minecraft:golden_sword":1,"iceandfire:manuscript":4,"minecraft:string":74,"iceandfire:sea_serpent_scales_teal":11,"minecraft:smooth_stone_slab":8,"minecraft:shroomlight":1,"minecraft:gold_nugget":46,"iceandfire:myrmex_desert_resin":32,"minecraft:ender_eye":22,"minecraft:iron_pickaxe":1,"minecraft:coal_block":1,"twilightforest:canopy_stairs":3,"minecraft:iron_boots":1,"minecraft:furnace":3,"minecraft:golden_helmet":1,"minecraft:tipped_arrow":1,"iceandfire:pixie_dust":2,"minecraft:stick":51,"minecraft:composter":1,"minecraft:oak_fence":2,"minecraft:torch":32,"minecraft:acacia_log":2,"minecraft:spruce_stairs":1,"iceandfire:silver_ore":3,"additionalguns:m1014":2,"minecraft:porkchop":14,"iceandfire:lightning_dragon_flesh":16,"minecraft:diorite":20,"minecraft:warped_planks":1,"minecraft:golden_chestplate":1,"minecraft:rotten_flesh":46,"iceandfire:deathworm_chitin_yellow":7,"minecraft:red_tulip":1,"minecraft:iron_block":2,"iceandfire:myrmex_desert_chitin":37,"minecraft:chorus_flower":1,"minecraft:end_rod":4,"minecraft:blaze_rod":8,"minecraft:obsidian":28,"minecraft:cobblestone":564,"minecraft:birch_log":4,"iceandfire:dragonscales_black":5,"minecraft:feather":1,"minecraft:cooked_beef":4,"twilightforest:twilight_oak_log":30,"minecraft:birch_slab":3,"minecraft:andesite":27,"minecraft:brown_wool":6,"minecraft:flint":8,"minecraft:gray_concrete":3,"minecraft:lapis_lazuli":22,"minecraft:dirt":37,"twilightforest:canopy_sapling":31,"minecraft:bone":48,"minecraft:bow":1,"minecraft:wheat_seeds":26,"minecraft:mossy_stone_bricks":14,"minecraft:fletching_table":4,"minecraft:rabbit":1,"minecraft:oak_planks":67,"twilightforest:mushgloom":1,"minecraft:black_terracotta":1,"minecraft:cooked_porkchop":5,"minecraft:warped_wart_block":204,"iceandfire:dragon_skull_fire":4,"iceandfire:shiny_scales":1,"minecraft:sand":61,"minecraft:chorus_fruit":29,"twilightforest:canopy_log":112,"iceandfire:lightning_dragon_heart":1,"iceandfire:myrmex_stinger":5,"minecraft:mossy_cobblestone":4,"cgm:shell":272,"minecraft:light_gray_concrete":23,"minecraft:polished_andesite":4,"twilightforest:canopy_planks":2,"iceandfire:crackled_stone":2,"minecraft:sugar":5,"twilightforest:twilight_oak_sapling":9,"minecraft:diamond":40,"minecraft:spruce_boat":3,"minecraft:black_concrete":6,"iceandfire:lectern":1,"minecraft:writable_book":1,"minecraft:crossbow":1,"minecraft:granite":31,"iceandfire:myrmex_desert_egg":2,"minecraft:golden_apple":1,"minecraft:white_concrete":8,"minecraft:bread":61,"minecraft:emerald":12,"twilightforest:arctic_fur":4,"minecraft:oak_sapling":15,"minecraft:netherrack":190,"twilightforest:torchberries":2,"additionalguns:ace_of_spades":3,"iceandfire:dragon_skull_lightning":5,"minecraft:crafting_table":4,"minecraft:azure_bluet":12,"iceandfire:witherbone":2,"minecraft:ladder":7,"mutantbeasts:hulk_hammer":2,"minecraft:gold_block":2,"travelersbackpack:sandstone":1,"gravestone:obituary":2,"minecraft:purpur_block":1,"minecraft:shield":1,"minecraft:elytra":2,"iceandfire:bestiary":1,"minecraft:cracked_stone_bricks":7,"minecraft:cartography_table":9,"twilightforest:ice_bomb":5,"minecraft:oak_boat":35,"twilightforest:naga_scale":1,"minecraft:iron_nugget":6,"minecraft:poppy":12,"minecraft:spruce_slab":1,"minecraft:lectern":41,"additionalguns:bullet_special":247,"cgm:bazooka":1,"minecraft:spruce_trapdoor":1,"minecraft:egg":4,"iceandfire:dragonbone":8,"minecraft:end_stone":37,"iceandfire:troll_tusk":1,"iceandfire:deathworm_chitin_red":1,"iceandfire:chared_grass":4,"iceandfire:myrmex_resin_desert":7,"iceandfire:deathworm_chitin_white":14,"minecraft:redstone":26,"minecraft:prismarine_crystals":4,"twilightforest:firefly":1,"minecraft:tnt":1,"minecraft:arrow":83,"iceandfire:sea_serpent_scales_purple":4,"iceandfire:cyclops_eye":1,"minecraft:golden_hoe":1,"minecraft:peony":6,"twilightforest:etched_nagastone":7,"iceandfire:chared_dirt":4,"minecraft:purpur_slab":2,"minecraft:hay_block":13,"minecraft:stripped_dark_oak_wood":2,"iceandfire:myrmex_resin_sticky_desert":8,"minecraft:mutton":16,"minecraft:white_wool":15,"minecraft:oxeye_daisy":6,"iceandfire:sea_serpent_fang":12,"minecraft:leather":9,"minecraft:red_mushroom":3,"minecraft:filled_map":2,"cgm:missile":7,"iceandfire:hippogryph_talon":1,"minecraft:oak_log":84,"minecraft:golden_boots":1,"minecraft:yellow_bed":1,"minecraft:cobblestone_wall":1,"minecraft:gunpowder":36,"minecraft:paper":23,"twilightforest:twilight_oak_planks":17,"minecraft:apple":3,"minecraft:stone_bricks":20,"minecraft:warped_stem":13,"minecraft:rabbit_hide":1,"minecraft:iron_ingot":4,"minecraft:stone_pickaxe":1,"minecraft:cooked_chicken":2,"minecraft:iron_ore":91,"iceandfire:sea_serpent_scales_deepblue":4,"minecraft:iron_sword":1,"minecraft:book":220,"minecraft:warped_fungus":2,"twilightforest:nagastone_pillar":1,"minecraft:sweet_berries":13,"iceandfire:ash":3,"minecraft:quartz":4,"minecraft:dandelion":5,"minecraft:gravel":76,"minecraft:spruce_sapling":1,"minecraft:white_bed":2,"minecraft:spruce_log":5,"twilightforest:alpha_fur":6,"minecraft:spider_eye":3,"minecraft:dragon_egg":1,"travelersbackpack:standard":3,"additionalguns:casing_special":224,"minecraft:stone_axe":1,"travelersbackpack:pumpkin":2,"minecraft:painting":2,"minecraft:gray_wool":5,"minecraft:warped_roots":6,"twilightforest:spiral_bricks":1,"minecraft:warped_nylium":2,"iceandfire:chared_gravel":2,"cgm:workbench":3,"minecraft:coal":51,"minecraft:ender_pearl":33},"minecraft:killed_by":{"mutantbeasts:mutant_enderman":1,"minecraft:creeper":2,"minecraft:witch":2,"minecraft:zombie":1,"iceandfire:fire_dragon":1,"minecraft:player":1,"mutantbeasts:mutant_skeleton":2,"minecraft:ender_dragon":1},"minecraft:crafted":{"minecraft:light_gray_concrete_powder":24,"minecraft:oak_planks":828,"minecraft:blaze_powder":16,"iceandfire:tide_teal_chestplate":1,"minecraft:diamond_shovel":1,"minecraft:bookshelf":22,"iceandfire:myrmex_desert_leggings":1,"minecraft:cooked_mutton":6,"minecraft:warped_planks":52,"minecraft:glass":31,"minecraft:diamond_leggings":1,"minecraft:diamond_helmet":1,"iceandfire:myrmex_desert_chestplate":1,"iceandfire:armor_black_helmet":1,"minecraft:chest":4,"minecraft:ender_eye":16,"minecraft:golden_boots":1,"minecraft:oak_slab":12,"minecraft:emerald":16,"minecraft:cooked_porkchop":3,"minecraft:diamond_axe":1,"minecraft:crafting_table":7,"minecraft:spruce_planks":20,"minecraft:wooden_pickaxe":1,"travelersbackpack:standard":1,"minecraft:brown_bed":1,"minecraft:fletching_table":1,"minecraft:birch_planks":16,"minecraft:cartography_table":1,"minecraft:spruce_trapdoor":4,"twilightforest:yeti_boots":1,"minecraft:lectern":1,"minecraft:diamond_pickaxe":1,"minecraft:stick":640,"minecraft:iron_ingot":44,"minecraft:iron_pickaxe":1,"sereneseasons:calendar":1,"minecraft:gold_ingot":33,"minecraft:light_gray_dye":4,"minecraft:shears":2,"minecraft:iron_nugget":144,"minecraft:furnace":4,"minecraft:bone_meal":21,"minecraft:flint_and_steel":1,"minecraft:white_concrete_powder":8,"twilightforest:twilight_oak_planks":116,"minecraft:stone_pickaxe":1,"minecraft:diamond_boots":1,"twilightforest:canopy_planks":420,"minecraft:spruce_boat":1,"cgm:workbench":1,"minecraft:wheat":63,"minecraft:cooked_beef":26,"minecraft:red_dye":1,"minecraft:diamond_sword":2,"minecraft:enchanting_table":1,"travelersbackpack:backpack_tank":2,"travelersbackpack:brown_sleeping_bag":1,"iceandfire:tide_trident":1,"twilightforest:canopy_stairs":8,"minecraft:bucket":1,"minecraft:enchanted_book":2,"minecraft:bread":45,"minecraft:air":0,"minecraft:oak_boat":3,"minecraft:golden_apple":5,"minecraft:gold_nugget":36,"minecraft:white_dye":21,"minecraft:wooden_axe":1,"minecraft:white_bed":1,"minecraft:acacia_planks":8,"minecraft:torch":76,"minecraft:diamond_chestplate":1,"minecraft:firework_rocket":24},"minecraft:killed":{"minecraft:cave_spider":3,"iceandfire:hippogryph":1,"minecraft:witch":4,"minecraft:spider":10,"minecraft:cod":1,"minecraft:shulker":14,"minecraft:skeleton":60,"twilightforest:lich":1,"minecraft:silverfish":19,"iceandfire:myrmex_worker":16,"minecraft:magma_cube":13,"minecraft:pig":7,"minecraft:zombie_villager":1,"minecraft:iron_golem":1,"minecraft:creeper":30,"twilightforest:skeleton_druid":4,"iceandfire:cockatrice":1,"minecraft:sheep":7,"minecraft:pillager":25,"minecraft:zombie":41,"iceandfire:myrmex_queen":2,"twilightforest:yeti_alpha":1,"twilightforest:wild_boar":1,"iceandfire:pixie":2,"iceandfire:lightning_dragon":1,"minecraft:cow":1,"iceandfire:sea_serpent":3,"minecraft:blaze":17,"twilightforest:winter_wolf":1,"minecraft:vindicator":2,"minecraft:horse":8,"twilightforest:naga":1,"iceandfire:siren":1,"twilightforest:death_tome":3,"minecraft:drowned":1,"iceandfire:deathworm":5,"iceandfire:myrmex_sentinel":1,"minecraft:husk":4,"iceandfire:cyclops":1,"minecraft:bat":1,"twilightforest:kobold":3,"mutantbeasts:mutant_skeleton":2,"iceandfire:myrmex_soldier":5,"iceandfire:ghost":2,"mutantbeasts:mutant_zombie":1,"minecraft:wither_skeleton":7,"minecraft:enderman":37},"minecraft:dropped":{"mutantbeasts:hulk_hammer":2,"minecraft:iron_sword":1,"minecraft:porkchop":14,"minecraft:chorus_fruit":13,"minecraft:warped_fungus":2,"minecraft:oak_log":13,"minecraft:ender_pearl":1,"minecraft:diamond":1,"minecraft:cooked_porkchop":5,"minecraft:crossbow":1,"iceandfire:chared_dirt":3,"minecraft:warped_roots":3,"minecraft:leather":6,"twilightforest:naga_scale":1,"iceandfire:myrmex_desert_chestplate":1,"minecraft:flint":3,"minecraft:dirt":12,"minecraft:mutton":5,"iceandfire:myrmex_desert_chitin":9,"minecraft:cooked_cod":1,"minecraft:stripped_dark_oak_wood":1,"iceandfire:chared_gravel":2,"gravestone:obituary":13,"minecraft:gold_nugget":11,"minecraft:writable_book":1,"twilightforest:alpha_fur":2,"minecraft:sand":5,"minecraft:sugar":5,"minecraft:iron_pickaxe":1,"minecraft:black_concrete":6,"minecraft:white_wool":4,"cgm:shell":1,"minecraft:gold_ingot":1,"minecraft:bone":31,"minecraft:gravel":21,"minecraft:purpur_block":1,"minecraft:iron_nugget":9,"minecraft:cooked_chicken":2,"minecraft:obsidian":12,"minecraft:rotten_flesh":38,"minecraft:oak_planks":2,"minecraft:end_stone":6,"minecraft:azure_bluet":8,"minecraft:white_bed":1,"iceandfire:myrmex_resin_desert":1,"minecraft:rabbit_hide":1,"minecraft:gunpowder":45,"iceandfire:bestiary":1,"minecraft:ladder":5,"iceandfire:deathworm_chitin_white":14,"minecraft:painting":1,"minecraft:arrow":102,"minecraft:iron_ore":37,"minecraft:warped_wart_block":188,"iceandfire:deathworm_chitin_yellow":3,"iceandfire:chared_grass":4,"twilightforest:nagastone_pillar":1,"minecraft:netherrack":128,"iceandfire:manuscript":25,"minecraft:egg":2,"minecraft:golden_boots":1,"minecraft:iron_ingot":59,"minecraft:bread":1,"minecraft:wheat_seeds":23,"minecraft:mossy_cobblestone":4,"minecraft:diamond_leggings":1,"additionalguns:ace_of_spades":2,"minecraft:prismarine_shard":3,"minecraft:feather":1,"minecraft:cobblestone":5,"minecraft:prismarine_crystals":4,"minecraft:book":2,"minecraft:apple":3,"minecraft:granite":10,"twilightforest:twilight_oak_sapling":4,"twilightforest:etched_nagastone":7,"minecraft:spruce_stairs":1,"twilightforest:canopy_log":7,"minecraft:golden_apple":1,"minecraft:stick":22,"minecraft:polished_andesite":4,"minecraft:oxeye_daisy":6,"travelersbackpack:sandstone":1,"iceandfire:myrmex_resin_sticky_desert":5,"twilightforest:spiral_bricks":1,"minecraft:rabbit":1,"minecraft:white_concrete":8,"minecraft:brown_wool":1,"additionalguns:m1014":1,"twilightforest:canopy_planks":85,"minecraft:wither_rose":4,"minecraft:string":5,"minecraft:bucket":1,"minecraft:spruce_sapling":1,"iceandfire:dragon_skull_fire":3,"minecraft:dandelion":5,"iceandfire:dragonbone":1,"minecraft:sweet_berries":12,"minecraft:cobblestone_wall":1,"minecraft:iron_boots":1,"minecraft:ender_eye":2,"minecraft:shears":1,"minecraft:filled_map":2,"minecraft:hay_block":4,"minecraft:diamond_chestplate":1,"minecraft:peony":5,"minecraft:spruce_trapdoor":1,"twilightforest:arctic_fur":4,"minecraft:oak_sapling":10,"minecraft:spider_eye":2,"minecraft:light_gray_dye":1,"iceandfire:crackled_stone":1},"minecraft:used":{"iceandfire:lectern":1,"minecraft:peony":1,"iceandfire:tide_trident":23,"twilightforest:canopy_stairs":11,"minecraft:ladder":2,"minecraft:poppy":11,"minecraft:white_concrete_powder":8,"minecraft:chest":3,"minecraft:shield":123,"minecraft:iron_sword":250,"twilightforest:canopy_sapling":1,"minecraft:glass":4,"minecraft:obsidian":11,"minecraft:spruce_boat":4,"minecraft:lava_bucket":3,"minecraft:stripped_dark_oak_wood":1,"twilightforest:twilight_oak_planks":117,"minecraft:warped_nylium":2,"minecraft:stone_bricks":5,"minecraft:oak_sapling":5,"minecraft:sweet_berries":1,"minecraft:hay_block":2,"minecraft:cooked_cod":4,"minecraft:furnace":6,"minecraft:egg":2,"minecraft:end_rod":1,"minecraft:mossy_stone_bricks":7,"minecraft:chorus_fruit":3,"minecraft:stone_pickaxe":120,"minecraft:oak_planks":324,"minecraft:ender_pearl":17,"minecraft:wooden_pickaxe":3,"minecraft:composter":1,"minecraft:diamond_axe":345,"minecraft:golden_apple":8,"minecraft:white_wool":2,"cgm:bazooka":7,"minecraft:gray_concrete":3,"minecraft:end_stone":31,"minecraft:firework_rocket":1,"iceandfire:lightning_dragon_flesh":1,"iceandfire:myrmex_desert_egg":2,"minecraft:melon_slice":3,"minecraft:bread":92,"travelersbackpack:pumpkin":9,"minecraft:diamond_sword":678,"minecraft:lectern":42,"mutantbeasts:hulk_hammer":3,"minecraft:gravel":8,"additionalguns:ace_of_spades":224,"iceandfire:dragon_skull_fire":1,"minecraft:andesite":16,"twilightforest:twilight_oak_log":1,"minecraft:oak_boat":35,"twilightforest:canopy_planks":271,"minecraft:oak_fence":2,"minecraft:enchanting_table":1,"minecraft:flint_and_steel":15,"iceandfire:myrmex_resin_sticky_desert":1,"minecraft:cooked_chicken":16,"minecraft:torch":136,"iceandfire:silver_ore":3,"minecraft:dragon_egg":1,"minecraft:dirt":14,"minecraft:warped_wart_block":15,"cgm:workbench":4,"minecraft:granite":7,"minecraft:shroomlight":1,"minecraft:wooden_axe":17,"minecraft:bookshelf":21,"minecraft:golden_carrot":4,"additionalguns:m1014":295,"minecraft:cooked_beef":20,"minecraft:acacia_planks":8,"minecraft:brown_bed":7,"minecraft:cooked_mutton":6,"minecraft:water_bucket":94,"minecraft:iron_ore":4,"minecraft:baked_potato":1,"minecraft:cartography_table":10,"iceandfire:crackled_stone":1,"iceandfire:dragon_skull_lightning":5,"minecraft:fletching_table":5,"minecraft:warped_roots":3,"minecraft:cracked_stone_bricks":2,"twilightforest:twilight_oak_sapling":5,"minecraft:tnt":13,"minecraft:crafting_table":11,"minecraft:oak_slab":8,"minecraft:white_bed":2,"minecraft:light_gray_concrete_powder":24,"minecraft:painting":2,"minecraft:warped_planks":30,"minecraft:oak_log":1,"minecraft:diamond_pickaxe":833,"minecraft:ender_eye":27,"minecraft:apple":6,"minecraft:diamond_shovel":96,"twilightforest:firefly":1,"minecraft:iron_pickaxe":317,"minecraft:map":1,"iceandfire:graveyard_soil":2,"minecraft:purpur_slab":2,"minecraft:spruce_trapdoor":4,"iceandfire:ash":2,"minecraft:stone_axe":1,"minecraft:cobblestone":567,"travelersbackpack:standard":13,"minecraft:bucket":102,"minecraft:cooked_porkchop":7,"minecraft:yellow_bed":1,"minecraft:wither_rose":1},"minecraft:broken":{"minecraft:diamond_helmet":1,"minecraft:iron_sword":1,"twilightforest:yeti_boots":1},"minecraft:custom":{"minecraft:interact_with_crafting_table":83,"minecraft:open_barrel":42,"minecraft:leave_game":19,"minecraft:time_since_death":14705,"minecraft:sprint_one_cm":1125578,"minecraft:damage_blocked_by_shield":1847,"minecraft:drop":238,"minecraft:talked_to_villager":87,"minecraft:deaths":15,"minecraft:jump":10607,"minecraft:interact_with_brewingstand":2,"minecraft:walk_on_water_one_cm":135178,"minecraft:interact_with_furnace":60,"minecraft:traded_with_villager":22,"minecraft:play_one_minute":555652,"minecraft:sleep_in_bed":14,"minecraft:waystone_activated":8,"minecraft:damage_dealt":46687,"minecraft:player_kills":3,"minecraft:crouch_one_cm":52674,"minecraft:inspect_dispenser":1,"minecraft:mob_kills":390,"minecraft:climb_one_cm":23806,"minecraft:walk_one_cm":1714849,"minecraft:sneak_time":15519,"minecraft:walk_under_water_one_cm":142957,"minecraft:boat_one_cm":353326,"minecraft:tune_noteblock":6,"minecraft:time_since_rest":15049,"minecraft:damage_taken":12999,"minecraft:damage_absorbed":277,"minecraft:trigger_trapped_chest":2,"minecraft:swim_one_cm":76837,"minecraft:fly_one_cm":2733709,"minecraft:open_chest":157,"minecraft:aviate_one_cm":1004614,"minecraft:fall_one_cm":215604}},"DataVersion":2586}