{"stats":{"minecraft:mined":{"minecraft:diamond_ore":51,"iceandfire:silver_ore":4,"minecraft:dandelion":5,"minecraft:crafting_table":2,"minecraft:torch":11,"minecraft:granite":28,"minecraft:grass_block":2,"minecraft:tall_grass":1,"minecraft:cobblestone":5,"minecraft:lapis_ore":3,"minecraft:oak_planks":7,"minecraft:diorite":23,"minecraft:wall_torch":4,"minecraft:spawner":3,"minecraft:redstone_ore":5,"minecraft:furnace":2,"minecraft:birch_log":4,"minecraft:iron_ore":33,"minecraft:andesite":28,"minecraft:grass":3,"minecraft:oak_log":13,"minecraft:coal_ore":14,"minecraft:gravel":26,"minecraft:dirt":1,"minecraft:cobweb":37,"minecraft:stone":377,"minecraft:oak_leaves":2},"minecraft:picked_up":{"minecraft:birch_log":4,"minecraft:crafting_table":2,"minecraft:cooked_beef":4,"minecraft:andesite":22,"minecraft:flint":4,"minecraft:oak_log":20,"minecraft:shield":1,"minecraft:gunpowder":2,"minecraft:lapis_lazuli":22,"minecraft:dirt":3,"minecraft:string":46,"minecraft:wheat_seeds":1,"minecraft:stone_pickaxe":1,"minecraft:iron_ore":31,"minecraft:iron_pickaxe":1,"minecraft:oak_planks":7,"minecraft:furnace":2,"minecraft:iron_boots":1,"minecraft:cooked_porkchop":2,"minecraft:torch":26,"minecraft:dandelion":5,"iceandfire:silver_ore":3,"minecraft:gravel":39,"minecraft:diorite":20,"minecraft:redstone":22,"minecraft:spider_eye":2,"minecraft:diamond":40,"minecraft:stone_axe":1,"minecraft:peony":1,"minecraft:granite":27,"minecraft:coal":15,"minecraft:cobblestone":357},"minecraft:killed_by":{"mutantbeasts:mutant_skeleton":1},"minecraft:crafted":{"minecraft:cooked_beef":1,"minecraft:oak_planks":60,"minecraft:diamond_sword":2,"minecraft:diamond_axe":1,"minecraft:crafting_table":5,"minecraft:wooden_pickaxe":1,"minecraft:furnace":2,"minecraft:birch_planks":16,"minecraft:air":0,"minecraft:diamond_helmet":1,"minecraft:diamond_leggings":1,"minecraft:diamond_pickaxe":1,"minecraft:stick":20,"minecraft:iron_ingot":8,"minecraft:iron_pickaxe":1,"minecraft:stone_pickaxe":1,"minecraft:wooden_axe":1,"minecraft:diamond_boots":1,"minecraft:torch":20,"minecraft:diamond_chestplate":1},"minecraft:killed":{"minecraft:cave_spider":3,"minecraft:creeper":2,"minecraft:skeleton":2},"minecraft:dropped":{"minecraft:bread":1,"minecraft:wheat_seeds":1,"minecraft:iron_boots":1,"minecraft:gold_ingot":1},"minecraft:used":{"minecraft:peony":1,"minecraft:stone_pickaxe":120,"minecraft:oak_planks":20,"minecraft:wooden_pickaxe":3,"minecraft:shield":6,"minecraft:diamond_axe":5,"minecraft:torch":58,"iceandfire:silver_ore":3,"minecraft:dirt":2,"minecraft:crafting_table":5,"minecraft:granite":3,"minecraft:oak_log":1,"minecraft:wooden_axe":17,"minecraft:diamond_pickaxe":166,"minecraft:bread":2,"minecraft:iron_pickaxe":317,"minecraft:gravel":1,"minecraft:stone_axe":1,"minecraft:diamond_sword":75,"minecraft:cobblestone":53,"minecraft:furnace":2,"minecraft:cooked_porkchop":2,"minecraft:andesite":16,"minecraft:cooked_beef":3},"minecraft:custom":{"minecraft:interact_with_furnace":9,"minecraft:mob_kills":7,"minecraft:interact_with_crafting_table":17,"minecraft:play_one_minute":55493,"minecraft:leave_game":5,"minecraft:time_since_death":36753,"minecraft:time_since_rest":36783,"minecraft:sprint_one_cm":53901,"minecraft:damage_taken":1384,"minecraft:walk_one_cm":180186,"minecraft:damage_blocked_by_shield":162,"minecraft:drop":4,"minecraft:damage_dealt":1733,"minecraft:swim_one_cm":2015,"minecraft:fly_one_cm":29085,"minecraft:crouch_one_cm":1881,"minecraft:deaths":3,"minecraft:sneak_time":708,"minecraft:walk_under_water_one_cm":1345,"minecraft:jump":532,"minecraft:walk_on_water_one_cm":12422,"minecraft:fall_one_cm":2445}},"DataVersion":2586}