{"stats":{"minecraft:mined":{"minecraft:dark_oak_planks":1,"twilightforest:firefly":1,"minecraft:diamond_ore":51,"iceandfire:silver_ore":4,"minecraft:mossy_cobblestone":4,"minecraft:obsidian":1,"twilightforest:naga_stone":3,"minecraft:granite":28,"minecraft:grass_block":4,"minecraft:brown_mushroom_block":26,"minecraft:coal_block":1,"minecraft:spruce_leaves":1,"minecraft:spawner":12,"twilightforest:mushgloom":1,"twilightforest:etched_nagastone":1,"minecraft:redstone_ore":5,"minecraft:furnace":3,"minecraft:iron_ore":79,"minecraft:fire":11,"twilightforest:canopy_planks":2,"minecraft:andesite":32,"twilightforest:twilight_oak_leaves":312,"treechop:chopped_log":71,"minecraft:peony":1,"minecraft:azure_bluet":9,"minecraft:brown_bed":3,"minecraft:bookshelf":73,"minecraft:red_tulip":1,"twilightforest:canopy_leaves":1152,"minecraft:light_gray_concrete":5,"minecraft:iron_block":2,"minecraft:stone":434,"minecraft:spruce_slab":1,"minecraft:tripwire":4,"twilightforest:naga_stone_head":1,"minecraft:gray_concrete":2,"minecraft:infested_stone_bricks":3,"minecraft:dandelion":5,"minecraft:crafting_table":3,"minecraft:torch":12,"twilightforest:spiral_bricks":2,"minecraft:poppy":11,"twilightforest:twilight_oak_log":31,"minecraft:rose_bush":1,"minecraft:tall_grass":5,"minecraft:cobblestone":19,"minecraft:lapis_ore":3,"minecraft:oak_planks":14,"minecraft:diorite":23,"minecraft:wall_torch":4,"minecraft:birch_log":4,"minecraft:birch_leaves":9,"minecraft:smooth_stone_slab":4,"twilightforest:twilight_oak_planks":1,"minecraft:wither_rose":3,"minecraft:grass":19,"minecraft:oak_log":32,"minecraft:coal_ore":32,"minecraft:sand":1,"minecraft:gravel":26,"minecraft:dirt":12,"minecraft:smooth_quartz":12,"twilightforest:canopy_stairs":3,"minecraft:cobweb":37,"minecraft:cracked_stone_bricks":2,"minecraft:red_mushroom_block":44,"minecraft:polished_andesite":3,"minecraft:stone_bricks":5,"twilightforest:canopy_log":132,"minecraft:oak_leaves":233,"minecraft:fern":1},"minecraft:picked_up":{"minecraft:crafting_table":3,"minecraft:azure_bluet":8,"minecraft:ladder":2,"twilightforest:naga_trophy":1,"minecraft:brown_bed":3,"minecraft:wither_rose":3,"minecraft:shield":1,"minecraft:string":52,"minecraft:smooth_stone_slab":8,"minecraft:cracked_stone_bricks":2,"minecraft:oak_boat":2,"minecraft:poppy":11,"minecraft:iron_pickaxe":1,"minecraft:spruce_slab":1,"minecraft:coal_block":1,"twilightforest:canopy_stairs":3,"minecraft:furnace":3,"minecraft:egg":1,"minecraft:iron_boots":1,"minecraft:stick":30,"minecraft:torch":31,"iceandfire:silver_ore":3,"minecraft:porkchop":14,"minecraft:diorite":20,"minecraft:redstone":22,"twilightforest:firefly":1,"minecraft:arrow":25,"minecraft:rotten_flesh":6,"minecraft:golden_hoe":1,"minecraft:peony":6,"twilightforest:etched_nagastone":7,"minecraft:iron_block":2,"minecraft:red_tulip":1,"minecraft:obsidian":1,"minecraft:mutton":10,"minecraft:white_wool":6,"minecraft:cobblestone":420,"minecraft:birch_log":4,"minecraft:cooked_beef":4,"twilightforest:twilight_oak_log":30,"minecraft:andesite":27,"minecraft:brown_wool":6,"minecraft:leather":9,"minecraft:red_mushroom":3,"minecraft:flint":4,"minecraft:oak_log":47,"minecraft:paper":19,"minecraft:gunpowder":3,"minecraft:lapis_lazuli":22,"minecraft:gray_concrete":3,"minecraft:dirt":15,"twilightforest:twilight_oak_planks":17,"twilightforest:canopy_sapling":30,"minecraft:bone":17,"minecraft:stone_bricks":4,"minecraft:wheat_seeds":2,"minecraft:stone_pickaxe":1,"minecraft:iron_ingot":1,"minecraft:iron_ore":78,"minecraft:oak_planks":12,"minecraft:book":194,"twilightforest:mushgloom":1,"twilightforest:nagastone_pillar":1,"minecraft:cooked_porkchop":5,"minecraft:dandelion":5,"minecraft:gravel":39,"twilightforest:canopy_log":112,"minecraft:spider_eye":2,"minecraft:mossy_cobblestone":4,"minecraft:polished_andesite":3,"twilightforest:canopy_planks":2,"twilightforest:twilight_oak_sapling":9,"minecraft:diamond":40,"minecraft:stone_axe":1,"minecraft:writable_book":1,"minecraft:granite":27,"minecraft:gray_wool":5,"minecraft:oak_sapling":9,"twilightforest:spiral_bricks":1,"minecraft:coal":51,"twilightforest:torchberries":2},"minecraft:killed_by":{"mutantbeasts:mutant_skeleton":1},"minecraft:crafted":{"minecraft:oak_planks":160,"minecraft:furnace":3,"minecraft:cooked_mutton":6,"minecraft:glass":14,"minecraft:diamond_helmet":1,"minecraft:diamond_leggings":1,"twilightforest:twilight_oak_planks":116,"minecraft:stone_pickaxe":1,"minecraft:chest":3,"minecraft:diamond_boots":1,"twilightforest:canopy_planks":420,"minecraft:cooked_beef":1,"minecraft:diamond_sword":2,"minecraft:cooked_porkchop":3,"minecraft:diamond_axe":1,"minecraft:crafting_table":5,"travelersbackpack:standard":1,"travelersbackpack:backpack_tank":2,"minecraft:wooden_pickaxe":1,"travelersbackpack:brown_sleeping_bag":1,"twilightforest:canopy_stairs":8,"minecraft:brown_bed":1,"minecraft:birch_planks":16,"minecraft:air":0,"minecraft:oak_boat":1,"minecraft:diamond_pickaxe":1,"minecraft:stick":32,"minecraft:iron_pickaxe":1,"minecraft:iron_ingot":22,"minecraft:wooden_axe":1,"minecraft:white_bed":1,"minecraft:torch":68,"minecraft:shears":1,"minecraft:diamond_chestplate":1},"minecraft:killed":{"minecraft:cave_spider":3,"minecraft:spider":1,"minecraft:horse":8,"minecraft:skeleton":24,"twilightforest:naga":1,"twilightforest:death_tome":2,"minecraft:magma_cube":8,"minecraft:pig":7,"twilightforest:kobold":3,"minecraft:creeper":3,"twilightforest:skeleton_druid":4,"minecraft:sheep":6,"minecraft:zombie":11,"iceandfire:ghost":2,"twilightforest:wild_boar":1},"minecraft:dropped":{"minecraft:bread":1,"minecraft:porkchop":14,"minecraft:wheat_seeds":2,"minecraft:oak_log":4,"minecraft:mossy_cobblestone":4,"minecraft:diamond":1,"minecraft:cooked_porkchop":5,"minecraft:cobblestone":1,"minecraft:book":1,"minecraft:leather":5,"minecraft:granite":10,"twilightforest:twilight_oak_sapling":4,"twilightforest:etched_nagastone":7,"twilightforest:canopy_log":7,"minecraft:polished_andesite":3,"minecraft:flint":3,"minecraft:stick":8,"minecraft:dirt":11,"twilightforest:spiral_bricks":1,"minecraft:brown_wool":1,"minecraft:writable_book":1,"twilightforest:canopy_planks":85,"minecraft:iron_pickaxe":1,"minecraft:white_wool":2,"minecraft:dandelion":5,"minecraft:gold_ingot":1,"minecraft:rotten_flesh":4,"minecraft:iron_boots":1,"minecraft:white_bed":1,"minecraft:gunpowder":12,"minecraft:peony":5,"minecraft:oak_sapling":9,"minecraft:spider_eye":2,"twilightforest:nagastone_pillar":1},"minecraft:used":{"minecraft:peony":1,"twilightforest:canopy_stairs":11,"minecraft:poppy":11,"minecraft:chest":2,"minecraft:shield":12,"minecraft:iron_sword":38,"twilightforest:canopy_sapling":1,"minecraft:cooked_chicken":12,"minecraft:torch":116,"iceandfire:silver_ore":3,"minecraft:dirt":2,"minecraft:granite":3,"minecraft:wooden_axe":17,"twilightforest:twilight_oak_planks":117,"minecraft:stone_bricks":1,"minecraft:furnace":5,"minecraft:egg":1,"minecraft:cooked_beef":9,"minecraft:brown_bed":4,"minecraft:cooked_mutton":6,"minecraft:water_bucket":7,"minecraft:stone_pickaxe":120,"minecraft:oak_planks":93,"minecraft:wooden_pickaxe":3,"minecraft:diamond_axe":190,"minecraft:cracked_stone_bricks":1,"twilightforest:twilight_oak_sapling":5,"minecraft:crafting_table":8,"minecraft:gray_concrete":3,"minecraft:oak_log":1,"minecraft:diamond_pickaxe":371,"twilightforest:firefly":1,"minecraft:bread":5,"minecraft:iron_pickaxe":317,"iceandfire:graveyard_soil":2,"minecraft:gravel":1,"minecraft:stone_axe":1,"minecraft:diamond_sword":410,"minecraft:cobblestone":188,"minecraft:cooked_porkchop":3,"twilightforest:twilight_oak_log":1,"minecraft:andesite":16,"minecraft:bucket":13,"minecraft:oak_boat":2,"minecraft:wither_rose":1,"twilightforest:canopy_planks":213},"minecraft:custom":{"minecraft:mob_kills":91,"minecraft:interact_with_crafting_table":34,"minecraft:leave_game":7,"minecraft:time_since_death":132143,"minecraft:climb_one_cm":10738,"minecraft:sprint_one_cm":232442,"minecraft:walk_one_cm":502513,"minecraft:damage_blocked_by_shield":332,"minecraft:drop":42,"minecraft:deaths":3,"minecraft:sneak_time":2629,"minecraft:walk_under_water_one_cm":6535,"minecraft:boat_one_cm":89506,"minecraft:jump":2121,"minecraft:walk_on_water_one_cm":41761,"minecraft:interact_with_furnace":45,"minecraft:tune_noteblock":6,"minecraft:play_one_minute":150883,"minecraft:sleep_in_bed":4,"minecraft:time_since_rest":10090,"minecraft:damage_taken":3125,"minecraft:trigger_trapped_chest":2,"minecraft:damage_dealt":17842,"minecraft:swim_one_cm":4869,"minecraft:fly_one_cm":290031,"minecraft:player_kills":1,"minecraft:open_chest":14,"minecraft:crouch_one_cm":9779,"minecraft:fall_one_cm":29904,"minecraft:inspect_dispenser":1}},"DataVersion":2586}