{"stats":{"minecraft:mined":{"minecraft:diamond_ore":51,"iceandfire:silver_ore":4,"minecraft:dandelion":5,"minecraft:crafting_table":3,"minecraft:torch":11,"minecraft:granite":28,"minecraft:grass_block":3,"minecraft:tall_grass":1,"minecraft:cobblestone":5,"minecraft:lapis_ore":3,"minecraft:oak_planks":7,"minecraft:diorite":23,"minecraft:wall_torch":4,"minecraft:spawner":3,"minecraft:redstone_ore":5,"minecraft:furnace":3,"minecraft:fire":9,"minecraft:birch_log":4,"minecraft:iron_ore":42,"minecraft:andesite":32,"treechop:chopped_log":9,"minecraft:brown_bed":1,"minecraft:grass":6,"minecraft:oak_log":27,"minecraft:coal_ore":23,"minecraft:gravel":26,"minecraft:dirt":11,"minecraft:cobweb":37,"minecraft:stone":412,"minecraft:oak_leaves":179},"minecraft:picked_up":{"minecraft:birch_log":4,"minecraft:crafting_table":3,"minecraft:cooked_beef":4,"minecraft:brown_wool":6,"minecraft:leather":9,"minecraft:andesite":27,"minecraft:brown_bed":1,"minecraft:flint":4,"minecraft:oak_log":40,"minecraft:shield":1,"minecraft:gunpowder":3,"minecraft:lapis_lazuli":22,"minecraft:dirt":14,"minecraft:string":46,"minecraft:wheat_seeds":1,"minecraft:oak_boat":2,"minecraft:iron_ingot":1,"minecraft:stone_pickaxe":1,"minecraft:iron_ore":41,"minecraft:iron_pickaxe":1,"minecraft:oak_planks":11,"minecraft:egg":1,"minecraft:furnace":3,"minecraft:iron_boots":1,"minecraft:stick":7,"minecraft:cooked_porkchop":2,"minecraft:torch":26,"minecraft:dandelion":5,"iceandfire:silver_ore":3,"minecraft:gravel":39,"minecraft:porkchop":11,"minecraft:diorite":20,"minecraft:redstone":22,"minecraft:spider_eye":2,"minecraft:arrow":2,"minecraft:rotten_flesh":4,"minecraft:diamond":40,"minecraft:stone_axe":1,"minecraft:peony":1,"minecraft:granite":27,"minecraft:gray_wool":5,"minecraft:oak_sapling":8,"minecraft:mutton":10,"minecraft:coal":24,"minecraft:white_wool":6,"minecraft:cobblestone":391},"minecraft:killed_by":{"mutantbeasts:mutant_skeleton":1},"minecraft:crafted":{"minecraft:cooked_beef":1,"minecraft:oak_planks":88,"minecraft:diamond_sword":2,"minecraft:diamond_axe":1,"minecraft:crafting_table":5,"travelersbackpack:standard":1,"travelersbackpack:backpack_tank":2,"travelersbackpack:brown_sleeping_bag":1,"minecraft:wooden_pickaxe":1,"minecraft:furnace":3,"minecraft:brown_bed":1,"minecraft:birch_planks":16,"minecraft:cooked_mutton":6,"minecraft:air":0,"minecraft:glass":14,"minecraft:oak_boat":1,"minecraft:diamond_helmet":1,"minecraft:diamond_leggings":1,"minecraft:diamond_pickaxe":1,"minecraft:stick":20,"minecraft:iron_ingot":22,"minecraft:iron_pickaxe":1,"minecraft:stone_pickaxe":1,"minecraft:wooden_axe":1,"minecraft:chest":1,"minecraft:diamond_boots":1,"minecraft:white_bed":1,"minecraft:torch":20,"minecraft:shears":1,"minecraft:diamond_chestplate":1},"minecraft:killed":{"minecraft:cave_spider":3,"minecraft:pig":7,"minecraft:spider":1,"minecraft:creeper":3,"minecraft:horse":8,"minecraft:sheep":6,"minecraft:skeleton":3,"minecraft:zombie":2},"minecraft:dropped":{"minecraft:bread":1,"minecraft:porkchop":11,"minecraft:wheat_seeds":1,"minecraft:oak_log":4,"minecraft:rotten_flesh":4,"minecraft:iron_boots":1,"minecraft:leather":5,"minecraft:granite":10,"minecraft:white_bed":1,"minecraft:flint":3,"minecraft:stick":7,"minecraft:dirt":11,"minecraft:brown_wool":1,"minecraft:oak_sapling":8,"minecraft:spider_eye":2,"minecraft:white_wool":2,"minecraft:dandelion":5,"minecraft:gold_ingot":1},"minecraft:used":{"minecraft:peony":1,"minecraft:cooked_mutton":1,"minecraft:stone_pickaxe":120,"minecraft:oak_planks":20,"minecraft:wooden_pickaxe":3,"minecraft:shield":6,"minecraft:diamond_axe":21,"minecraft:torch":70,"iceandfire:silver_ore":3,"minecraft:dirt":2,"minecraft:crafting_table":7,"minecraft:granite":3,"minecraft:oak_log":1,"minecraft:wooden_axe":17,"minecraft:diamond_pickaxe":224,"minecraft:bread":2,"minecraft:iron_pickaxe":317,"minecraft:gravel":1,"minecraft:stone_axe":1,"minecraft:diamond_sword":143,"minecraft:cobblestone":92,"minecraft:furnace":4,"minecraft:cooked_porkchop":2,"minecraft:bucket":6,"minecraft:andesite":16,"minecraft:oak_boat":2,"minecraft:egg":1,"minecraft:cooked_beef":5,"minecraft:brown_bed":2},"minecraft:custom":{"minecraft:interact_with_furnace":39,"minecraft:mob_kills":33,"minecraft:interact_with_crafting_table":31,"minecraft:play_one_minute":79493,"minecraft:leave_game":5,"minecraft:time_since_death":60753,"minecraft:sleep_in_bed":1,"minecraft:time_since_rest":3350,"minecraft:sprint_one_cm":107428,"minecraft:damage_taken":1596,"minecraft:walk_one_cm":232856,"minecraft:damage_blocked_by_shield":162,"minecraft:drop":19,"minecraft:damage_dealt":5862,"minecraft:swim_one_cm":2015,"minecraft:fly_one_cm":108735,"minecraft:open_chest":4,"minecraft:crouch_one_cm":2246,"minecraft:deaths":3,"minecraft:sneak_time":816,"minecraft:walk_under_water_one_cm":5105,"minecraft:boat_one_cm":89506,"minecraft:jump":972,"minecraft:walk_on_water_one_cm":20506,"minecraft:fall_one_cm":10133}},"DataVersion":2586}