{"stats":{"minecraft:crafted":{"minecraft:black_dye":1,"minecraft:light_gray_concrete_powder":8,"minecraft:oak_door":3,"minecraft:oak_planks":152,"minecraft:oak_sign":9,"minecraft:iron_nugget":18,"minecraft:furnace":1,"minecraft:bone_meal":18,"minecraft:cooked_mutton":10,"minecraft:glass":30,"travelersbackpack:white_sleeping_bag":2,"minecraft:iron_boots":1,"minecraft:spruce_slab":6,"minecraft:chest":3,"minecraft:diamond_boots":1,"minecraft:spruce_boat":1,"minecraft:stone_hoe":1,"cgm:workbench":1,"minecraft:cooked_beef":10,"minecraft:wooden_shovel":1,"minecraft:emerald":3,"minecraft:cooked_porkchop":9,"minecraft:crafting_table":1,"minecraft:spruce_planks":116,"travelersbackpack:backpack_tank":4,"minecraft:iron_helmet":1,"travelersbackpack:standard":1,"minecraft:iron_sword":1,"minecraft:stone_axe":1,"minecraft:air":0,"minecraft:spruce_trapdoor":2,"minecraft:iron_chestplate":1,"minecraft:diamond_pickaxe":1,"minecraft:shield":1,"minecraft:white_dye":3,"minecraft:stick":12,"minecraft:gunpowder":6,"minecraft:iron_ingot":66,"minecraft:iron_pickaxe":1,"minecraft:iron_shovel":1,"minecraft:iron_leggings":1,"minecraft:gold_ingot":8,"minecraft:light_gray_dye":3,"minecraft:white_bed":1,"minecraft:torch":80},"minecraft:killed_by":{"minecraft:player":1},"minecraft:mined":{"minecraft:diamond_ore":25,"minecraft:spruce_planks":5,"minecraft:oak_door":1,"gravestone:gravestone":2,"minecraft:granite":15,"minecraft:grass_block":3,"travelersbackpack:white_sleeping_bag":2,"minecraft:spruce_leaves":379,"cgm:workbench":1,"minecraft:spawner":1,"minecraft:tall_seagrass":1,"minecraft:magma_block":9,"minecraft:redstone_ore":2,"minecraft:iron_ore":150,"dead_guys_untitled_deep_dark_:cold_deep_stone":9,"minecraft:andesite":38,"treechop:chopped_log":37,"minecraft:light_gray_concrete":8,"minecraft:blue_orchid":5,"minecraft:stone":401,"dead_guys_untitled_deep_dark_:cold_sculk":23,"minecraft:lily_of_the_valley":2,"minecraft:dandelion":2,"minecraft:clay":1,"minecraft:crafting_table":1,"minecraft:torch":4,"minecraft:poppy":3,"minecraft:tall_grass":18,"minecraft:cobblestone":10,"minecraft:lapis_ore":4,"minecraft:lily_pad":1,"minecraft:sugar_cane":1,"minecraft:oak_planks":5,"minecraft:diorite":30,"minecraft:wall_torch":6,"minecraft:seagrass":1,"dead_guys_untitled_deep_dark_:deep_flower":4,"minecraft:spruce_log":29,"minecraft:grass":89,"minecraft:oak_log":35,"minecraft:coal_ore":59,"minecraft:gravel":9,"minecraft:sand":67,"minecraft:dirt":25,"minecraft:cobweb":6,"minecraft:netherrack":14,"minecraft:gold_ore":13,"minecraft:oak_leaves":343},"minecraft:dropped":{"dead_guys_untitled_deep_dark_:cold_deep_stone":6,"minecraft:diorite":1,"minecraft:mutton":13,"minecraft:iron_pickaxe":1,"minecraft:string":13,"minecraft:white_wool":3,"minecraft:stone_axe":1,"minecraft:rotten_flesh":4,"minecraft:iron_boots":1,"minecraft:andesite":1},"minecraft:used":{"minecraft:iron_shovel":50,"minecraft:spruce_slab":1,"minecraft:oak_sign":4,"minecraft:chest":2,"minecraft:spruce_planks":80,"minecraft:shield":6,"minecraft:iron_sword":122,"minecraft:wooden_shovel":33,"minecraft:stone_hoe":23,"travelersbackpack:bat":1,"minecraft:netherrack":7,"minecraft:oak_door":4,"minecraft:torch":97,"minecraft:dirt":21,"minecraft:lily_of_the_valley":1,"minecraft:mutton":8,"cgm:workbench":1,"minecraft:granite":2,"minecraft:obsidian":1,"minecraft:spruce_boat":2,"carryon:entity_item":6,"dead_guys_untitled_deep_dark_:cold_deep_stone":3,"minecraft:magma_block":5,"minecraft:oak_sapling":17,"minecraft:furnace":2,"minecraft:egg":1,"minecraft:cooked_beef":10,"minecraft:enchanted_golden_apple":1,"minecraft:diorite":15,"minecraft:stone_pickaxe":22,"cgm:pistol":106,"minecraft:oak_planks":6,"minecraft:crafting_table":2,"minecraft:white_bed":1,"minecraft:light_gray_concrete_powder":8,"waystones:waystone":2,"minecraft:diamond_pickaxe":529,"minecraft:iron_pickaxe":218,"travelersbackpack:white_sleeping_bag":2,"minecraft:spruce_trapdoor":2,"minecraft:spruce_sapling":12,"minecraft:stone_axe":95,"minecraft:cobblestone":239,"travelersbackpack:standard":3,"minecraft:cooked_porkchop":7,"minecraft:andesite":12,"minecraft:dandelion":8,"minecraft:golden_pickaxe":47,"minecraft:bone_meal":9},"minecraft:picked_up":{"minecraft:crafting_table":1,"cgm:basic_bullet":128,"minecraft:clay_ball":4,"dead_guys_untitled_deep_dark_:dahlia_petal":4,"gravestone:obituary":1,"minecraft:string":11,"minecraft:blue_orchid":5,"minecraft:spruce_planks":4,"minecraft:beef":31,"minecraft:poppy":3,"minecraft:iron_pickaxe":1,"minecraft:light_gray_wool":2,"minecraft:sugar_cane":8,"minecraft:furnace":1,"minecraft:egg":1,"minecraft:stick":46,"minecraft:oak_door":1,"dead_guys_untitled_deep_dark_:cold_deep_stone":9,"minecraft:torch":15,"minecraft:porkchop":9,"minecraft:diorite":16,"minecraft:redstone":13,"minecraft:arrow":13,"minecraft:rotten_flesh":9,"minecraft:mutton":31,"minecraft:white_wool":14,"minecraft:cobblestone":317,"minecraft:magma_block":9,"minecraft:feather":2,"minecraft:andesite":36,"minecraft:brown_wool":2,"minecraft:leather":17,"minecraft:flint":1,"minecraft:oak_log":110,"minecraft:lily_pad":19,"minecraft:gunpowder":5,"minecraft:lapis_lazuli":20,"minecraft:dirt":33,"minecraft:bone":12,"minecraft:apple":3,"minecraft:bow":1,"minecraft:wheat_seeds":14,"minecraft:stone_pickaxe":1,"minecraft:iron_ingot":1,"minecraft:iron_ore":148,"minecraft:oak_planks":4,"minecraft:dandelion":8,"minecraft:gravel":8,"minecraft:sand":67,"minecraft:spruce_sapling":16,"minecraft:ink_sac":2,"minecraft:spruce_log":29,"minecraft:lily_of_the_valley":2,"minecraft:gold_ore":13,"minecraft:spider_eye":1,"travelersbackpack:white_sleeping_bag":2,"cgm:pistol":1,"minecraft:light_gray_concrete":3,"minecraft:slime_ball":1,"minecraft:diamond":25,"minecraft:spruce_boat":1,"minecraft:stone_axe":2,"waystones:waystone":4,"minecraft:granite":17,"minecraft:oak_sapling":48,"minecraft:netherrack":14,"minecraft:black_wool":2,"minecraft:coal":63,"cgm:workbench":1},"minecraft:killed":{"minecraft:spider":7,"minecraft:slime":2,"minecraft:skeleton":9,"minecraft:pig":4,"minecraft:creeper":4,"minecraft:squid":1,"minecraft:sheep":18,"minecraft:zombie":11,"minecraft:cow":17},"minecraft:custom":{"minecraft:mob_kills":74,"minecraft:interact_with_crafting_table":54,"goblintraders:trade_with_goblin":36,"minecraft:leave_game":12,"minecraft:time_since_death":0,"minecraft:climb_one_cm":2867,"minecraft:damage_resisted":2,"minecraft:sprint_one_cm":262704,"minecraft:damage_blocked_by_shield":240,"minecraft:walk_one_cm":365701,"minecraft:drop":12,"minecraft:talked_to_villager":1,"minecraft:deaths":1,"minecraft:sneak_time":1123,"minecraft:walk_under_water_one_cm":9430,"minecraft:boat_one_cm":78402,"minecraft:jump":2039,"minecraft:walk_on_water_one_cm":25959,"minecraft:interact_with_furnace":26,"minecraft:play_one_minute":145266,"minecraft:sleep_in_bed":7,"minecraft:time_since_rest":410,"minecraft:waystone_activated":2,"minecraft:damage_taken":1488,"minecraft:damage_dealt":8356,"minecraft:player_kills":6,"minecraft:swim_one_cm":34467,"minecraft:fly_one_cm":268580,"minecraft:crouch_one_cm":2060,"minecraft:open_chest":68,"minecraft:fall_one_cm":39290}},"DataVersion":2586}