{"stats":{"minecraft:mined":{"minecraft:dark_oak_planks":1,"iceandfire:myrmex_resin_desert":2,"minecraft:obsidian":16,"twilightforest:naga_stone":3,"minecraft:granite":28,"minecraft:grass_block":9,"iceandfire:lectern":1,"minecraft:white_concrete":8,"minecraft:coal_block":1,"minecraft:composter":1,"minecraft:oxeye_daisy":3,"minecraft:spawner":13,"minecraft:iron_ore":83,"minecraft:fire":18,"minecraft:fletching_table":4,"minecraft:azure_bluet":13,"minecraft:brown_bed":6,"minecraft:red_tulip":1,"twilightforest:canopy_leaves":1152,"iceandfire:gold_pile":2,"minecraft:light_gray_concrete":28,"minecraft:iron_block":2,"minecraft:spruce_slab":1,"minecraft:tripwire":4,"minecraft:torch":12,"twilightforest:spiral_bricks":2,"minecraft:poppy":11,"twilightforest:twilight_oak_log":31,"minecraft:mushroom_stem":1,"minecraft:nether_quartz_ore":4,"minecraft:cobblestone":21,"minecraft:oak_planks":34,"minecraft:wall_torch":4,"minecraft:warped_nylium":1,"minecraft:warped_planks":1,"minecraft:birch_log":4,"minecraft:potted_poppy":1,"minecraft:wither_rose":3,"minecraft:smooth_stone_slab":5,"twilightforest:twilight_oak_planks":1,"minecraft:grass":35,"minecraft:oak_log":51,"minecraft:dirt":12,"minecraft:sand":57,"minecraft:smooth_quartz":12,"minecraft:red_mushroom_block":44,"twilightforest:canopy_log":132,"minecraft:netherrack":138,"minecraft:oak_leaves":456,"twilightforest:firefly":1,"minecraft:diamond_ore":51,"iceandfire:silver_ore":4,"minecraft:mossy_cobblestone":4,"gravestone:gravestone":3,"minecraft:brown_mushroom_block":26,"minecraft:spruce_leaves":2,"minecraft:cartography_table":8,"iceandfire:myrmex_desert_biolight":2,"cgm:workbench":1,"twilightforest:etched_nagastone":1,"twilightforest:mushgloom":1,"minecraft:redstone_ore":5,"minecraft:furnace":3,"twilightforest:canopy_planks":2,"minecraft:andesite":32,"minecraft:black_concrete":5,"twilightforest:twilight_oak_leaves":312,"treechop:chopped_log":92,"minecraft:peony":1,"minecraft:gold_block":2,"minecraft:bookshelf":73,"minecraft:shroomlight":1,"minecraft:warped_stem":13,"minecraft:stone":435,"twilightforest:naga_stone_head":1,"minecraft:gray_concrete":2,"minecraft:infested_stone_bricks":3,"minecraft:dandelion":5,"minecraft:crafting_table":4,"minecraft:warped_roots":3,"minecraft:rose_bush":1,"minecraft:lectern":41,"minecraft:tall_grass":9,"minecraft:lapis_ore":3,"minecraft:diorite":23,"minecraft:warped_wart_block":131,"minecraft:sweet_berry_bush":7,"minecraft:birch_leaves":9,"minecraft:yellow_bed":1,"minecraft:coal_ore":32,"minecraft:gravel":49,"twilightforest:canopy_stairs":3,"minecraft:cobweb":37,"minecraft:cracked_stone_bricks":2,"minecraft:polished_andesite":3,"minecraft:stone_bricks":6,"minecraft:fern":1},"minecraft:picked_up":{"twilightforest:lich_trophy":1,"twilightforest:naga_trophy":1,"minecraft:brown_bed":6,"minecraft:wither_rose":5,"minecraft:enchanted_book":1,"minecraft:golden_sword":1,"minecraft:string":58,"minecraft:smooth_stone_slab":8,"minecraft:shroomlight":1,"minecraft:gold_nugget":22,"iceandfire:myrmex_desert_resin":22,"minecraft:ender_eye":3,"minecraft:iron_pickaxe":1,"minecraft:coal_block":1,"twilightforest:canopy_stairs":3,"minecraft:furnace":3,"minecraft:iron_boots":1,"minecraft:golden_helmet":1,"minecraft:stick":42,"minecraft:composter":1,"minecraft:torch":31,"iceandfire:silver_ore":3,"minecraft:porkchop":14,"additionalguns:m1014":2,"minecraft:diorite":20,"minecraft:warped_planks":1,"minecraft:golden_chestplate":1,"minecraft:rotten_flesh":9,"iceandfire:deathworm_chitin_yellow":4,"minecraft:red_tulip":1,"minecraft:iron_block":2,"iceandfire:myrmex_desert_chitin":9,"minecraft:blaze_rod":8,"minecraft:obsidian":28,"minecraft:cobblestone":422,"minecraft:birch_log":4,"minecraft:cooked_beef":4,"twilightforest:twilight_oak_log":30,"minecraft:birch_slab":3,"minecraft:andesite":27,"minecraft:brown_wool":6,"minecraft:flint":8,"minecraft:gray_concrete":3,"minecraft:lapis_lazuli":22,"minecraft:dirt":18,"twilightforest:canopy_sapling":31,"minecraft:bone":28,"minecraft:wheat_seeds":8,"minecraft:rabbit":1,"minecraft:fletching_table":4,"minecraft:oak_planks":59,"twilightforest:mushgloom":1,"minecraft:cooked_porkchop":5,"minecraft:warped_wart_block":114,"iceandfire:dragon_skull_fire":4,"minecraft:sand":61,"twilightforest:canopy_log":112,"minecraft:mossy_cobblestone":4,"cgm:shell":103,"minecraft:light_gray_concrete":23,"minecraft:polished_andesite":3,"twilightforest:canopy_planks":2,"twilightforest:twilight_oak_sapling":9,"minecraft:diamond":40,"minecraft:black_concrete":6,"iceandfire:lectern":1,"minecraft:writable_book":1,"minecraft:granite":27,"minecraft:white_concrete":8,"minecraft:golden_apple":1,"twilightforest:arctic_fur":4,"minecraft:bread":29,"minecraft:oak_sapling":14,"minecraft:netherrack":190,"twilightforest:torchberries":2,"additionalguns:ace_of_spades":3,"minecraft:crafting_table":4,"minecraft:azure_bluet":12,"iceandfire:witherbone":1,"minecraft:ladder":2,"minecraft:gold_block":2,"minecraft:shield":1,"iceandfire:bestiary":1,"minecraft:cracked_stone_bricks":2,"minecraft:cartography_table":8,"twilightforest:ice_bomb":5,"minecraft:oak_boat":7,"twilightforest:naga_scale":1,"minecraft:iron_nugget":4,"minecraft:poppy":11,"minecraft:spruce_slab":1,"minecraft:lectern":41,"additionalguns:bullet_special":64,"minecraft:egg":1,"iceandfire:dragonbone":1,"iceandfire:deathworm_chitin_red":1,"iceandfire:chared_grass":2,"minecraft:redstone":22,"twilightforest:firefly":1,"minecraft:arrow":28,"minecraft:peony":6,"minecraft:golden_hoe":1,"twilightforest:etched_nagastone":7,"iceandfire:chared_dirt":1,"iceandfire:myrmex_resin_sticky_desert":3,"minecraft:mutton":10,"minecraft:white_wool":6,"minecraft:oxeye_daisy":6,"minecraft:leather":9,"minecraft:red_mushroom":3,"minecraft:filled_map":1,"iceandfire:hippogryph_talon":1,"minecraft:oak_log":80,"minecraft:golden_boots":1,"minecraft:yellow_bed":1,"minecraft:gunpowder":15,"minecraft:paper":23,"twilightforest:twilight_oak_planks":17,"minecraft:apple":3,"minecraft:stone_bricks":4,"minecraft:warped_stem":13,"minecraft:rabbit_hide":1,"minecraft:iron_ingot":4,"minecraft:stone_pickaxe":1,"minecraft:iron_ore":82,"minecraft:iron_sword":1,"minecraft:book":195,"twilightforest:nagastone_pillar":1,"minecraft:sweet_berries":13,"iceandfire:ash":2,"minecraft:quartz":4,"minecraft:dandelion":5,"minecraft:gravel":76,"twilightforest:alpha_fur":6,"minecraft:spider_eye":2,"travelersbackpack:standard":1,"additionalguns:casing_special":64,"minecraft:stone_axe":1,"minecraft:painting":2,"minecraft:gray_wool":5,"minecraft:warped_roots":4,"cgm:workbench":1,"twilightforest:spiral_bricks":1,"iceandfire:chared_gravel":1,"minecraft:warped_nylium":1,"minecraft:coal":51,"minecraft:ender_pearl":3},"minecraft:killed_by":{"minecraft:creeper":1,"minecraft:zombie":1,"minecraft:player":1,"mutantbeasts:mutant_skeleton":1},"minecraft:crafted":{"minecraft:light_gray_concrete_powder":24,"minecraft:oak_planks":564,"minecraft:blaze_powder":2,"minecraft:diamond_shovel":1,"minecraft:bookshelf":1,"minecraft:cooked_mutton":6,"minecraft:warped_planks":52,"minecraft:glass":14,"minecraft:diamond_helmet":1,"minecraft:diamond_leggings":1,"minecraft:chest":4,"minecraft:ender_eye":2,"minecraft:oak_slab":12,"minecraft:emerald":16,"minecraft:cooked_porkchop":3,"minecraft:diamond_axe":1,"minecraft:crafting_table":7,"minecraft:wooden_pickaxe":1,"travelersbackpack:standard":1,"minecraft:brown_bed":1,"minecraft:fletching_table":1,"minecraft:birch_planks":16,"minecraft:cartography_table":1,"minecraft:lectern":1,"twilightforest:yeti_boots":1,"minecraft:diamond_pickaxe":1,"minecraft:stick":640,"minecraft:iron_pickaxe":1,"minecraft:iron_ingot":42,"sereneseasons:calendar":1,"minecraft:light_gray_dye":4,"minecraft:shears":1,"minecraft:iron_nugget":72,"minecraft:furnace":3,"minecraft:bone_meal":21,"minecraft:flint_and_steel":1,"minecraft:white_concrete_powder":8,"twilightforest:twilight_oak_planks":116,"minecraft:stone_pickaxe":1,"minecraft:diamond_boots":1,"twilightforest:canopy_planks":420,"cgm:workbench":1,"minecraft:cooked_beef":1,"minecraft:diamond_sword":2,"travelersbackpack:backpack_tank":2,"travelersbackpack:brown_sleeping_bag":1,"twilightforest:canopy_stairs":8,"minecraft:enchanted_book":2,"minecraft:air":0,"minecraft:oak_boat":2,"minecraft:gold_nugget":27,"minecraft:white_dye":21,"minecraft:wooden_axe":1,"minecraft:white_bed":1,"minecraft:torch":76,"minecraft:diamond_chestplate":1},"minecraft:killed":{"minecraft:cave_spider":3,"iceandfire:hippogryph":1,"minecraft:spider":4,"minecraft:skeleton":27,"twilightforest:lich":1,"iceandfire:myrmex_worker":3,"minecraft:magma_cube":13,"minecraft:pig":7,"minecraft:iron_golem":1,"minecraft:creeper":10,"twilightforest:skeleton_druid":4,"minecraft:sheep":6,"minecraft:zombie":12,"iceandfire:myrmex_queen":1,"twilightforest:yeti_alpha":1,"twilightforest:wild_boar":1,"minecraft:blaze":17,"twilightforest:winter_wolf":1,"minecraft:horse":8,"twilightforest:naga":1,"twilightforest:death_tome":3,"iceandfire:deathworm":2,"minecraft:husk":1,"twilightforest:kobold":3,"iceandfire:myrmex_soldier":3,"iceandfire:ghost":2,"minecraft:wither_skeleton":7,"minecraft:enderman":3},"minecraft:dropped":{"minecraft:iron_sword":1,"minecraft:porkchop":14,"minecraft:oak_log":13,"minecraft:diamond":1,"minecraft:cooked_porkchop":5,"iceandfire:chared_dirt":1,"minecraft:warped_roots":3,"minecraft:leather":5,"twilightforest:naga_scale":1,"minecraft:flint":3,"minecraft:dirt":11,"minecraft:cooked_cod":1,"iceandfire:chared_gravel":1,"minecraft:gold_nugget":7,"gravestone:obituary":3,"minecraft:writable_book":1,"twilightforest:alpha_fur":2,"minecraft:sand":5,"minecraft:black_concrete":6,"minecraft:iron_pickaxe":1,"minecraft:white_wool":2,"minecraft:gold_ingot":1,"minecraft:gravel":21,"minecraft:iron_nugget":3,"minecraft:obsidian":12,"minecraft:rotten_flesh":9,"minecraft:oak_planks":1,"minecraft:white_bed":1,"minecraft:rabbit_hide":1,"minecraft:gunpowder":12,"iceandfire:bestiary":1,"minecraft:painting":1,"minecraft:iron_ore":37,"minecraft:warped_wart_block":16,"iceandfire:chared_grass":2,"twilightforest:nagastone_pillar":1,"minecraft:netherrack":128,"minecraft:bread":1,"minecraft:iron_ingot":27,"minecraft:wheat_seeds":6,"minecraft:mossy_cobblestone":4,"additionalguns:ace_of_spades":2,"minecraft:cobblestone":1,"minecraft:book":1,"minecraft:apple":3,"minecraft:granite":10,"twilightforest:etched_nagastone":7,"twilightforest:twilight_oak_sapling":4,"twilightforest:canopy_log":7,"minecraft:golden_apple":1,"minecraft:polished_andesite":3,"minecraft:stick":10,"minecraft:oxeye_daisy":6,"twilightforest:spiral_bricks":1,"minecraft:rabbit":1,"minecraft:white_concrete":8,"minecraft:brown_wool":1,"additionalguns:m1014":1,"twilightforest:canopy_planks":85,"minecraft:wither_rose":2,"minecraft:string":4,"iceandfire:dragon_skull_fire":3,"minecraft:dandelion":5,"iceandfire:dragonbone":1,"minecraft:iron_boots":1,"minecraft:peony":5,"twilightforest:arctic_fur":4,"minecraft:oak_sapling":9,"minecraft:spider_eye":2,"minecraft:light_gray_dye":1},"minecraft:used":{"iceandfire:lectern":1,"minecraft:peony":1,"twilightforest:canopy_stairs":11,"minecraft:poppy":11,"minecraft:ladder":2,"minecraft:white_concrete_powder":8,"minecraft:chest":3,"minecraft:shield":42,"minecraft:iron_sword":76,"twilightforest:canopy_sapling":1,"minecraft:obsidian":11,"minecraft:lava_bucket":1,"twilightforest:twilight_oak_planks":117,"minecraft:warped_nylium":1,"minecraft:stone_bricks":1,"minecraft:sweet_berries":1,"minecraft:furnace":5,"minecraft:oak_sapling":5,"minecraft:cooked_cod":4,"minecraft:egg":1,"minecraft:stone_pickaxe":120,"minecraft:oak_planks":180,"minecraft:ender_pearl":1,"minecraft:wooden_pickaxe":3,"minecraft:composter":1,"minecraft:diamond_axe":313,"minecraft:golden_apple":1,"minecraft:gray_concrete":3,"minecraft:melon_slice":3,"minecraft:bread":24,"minecraft:lectern":42,"minecraft:gravel":8,"minecraft:diamond_sword":479,"iceandfire:dragon_skull_fire":1,"additionalguns:ace_of_spades":36,"minecraft:andesite":16,"twilightforest:twilight_oak_log":1,"minecraft:oak_boat":7,"twilightforest:canopy_planks":271,"minecraft:flint_and_steel":1,"iceandfire:myrmex_resin_sticky_desert":1,"minecraft:cooked_chicken":16,"minecraft:torch":135,"iceandfire:silver_ore":3,"minecraft:dirt":5,"minecraft:warped_wart_block":11,"cgm:workbench":2,"minecraft:granite":3,"minecraft:shroomlight":1,"minecraft:wooden_axe":17,"additionalguns:m1014":48,"minecraft:cooked_beef":11,"minecraft:brown_bed":7,"minecraft:cooked_mutton":6,"minecraft:water_bucket":33,"minecraft:iron_ore":4,"minecraft:baked_potato":1,"minecraft:cartography_table":9,"minecraft:fletching_table":5,"minecraft:warped_roots":1,"minecraft:cracked_stone_bricks":1,"twilightforest:twilight_oak_sapling":5,"minecraft:oak_slab":8,"minecraft:crafting_table":11,"minecraft:light_gray_concrete_powder":24,"minecraft:painting":2,"minecraft:warped_planks":30,"minecraft:oak_log":1,"minecraft:ender_eye":4,"minecraft:diamond_pickaxe":580,"minecraft:apple":5,"minecraft:diamond_shovel":88,"twilightforest:firefly":1,"minecraft:iron_pickaxe":317,"iceandfire:graveyard_soil":2,"iceandfire:ash":2,"minecraft:stone_axe":1,"minecraft:cobblestone":188,"travelersbackpack:standard":3,"minecraft:cooked_porkchop":7,"minecraft:bucket":39,"minecraft:yellow_bed":1,"minecraft:wither_rose":1},"minecraft:custom":{"minecraft:interact_with_crafting_table":62,"minecraft:open_barrel":5,"minecraft:leave_game":14,"minecraft:time_since_death":15995,"minecraft:sprint_one_cm":536639,"minecraft:damage_blocked_by_shield":947,"minecraft:drop":116,"minecraft:talked_to_villager":82,"minecraft:deaths":6,"minecraft:jump":5970,"minecraft:walk_on_water_one_cm":54194,"minecraft:interact_with_furnace":51,"minecraft:traded_with_villager":18,"minecraft:play_one_minute":293674,"minecraft:sleep_in_bed":9,"minecraft:waystone_activated":3,"minecraft:damage_dealt":24007,"minecraft:player_kills":3,"minecraft:crouch_one_cm":14815,"minecraft:inspect_dispenser":1,"minecraft:mob_kills":152,"minecraft:climb_one_cm":16013,"minecraft:walk_one_cm":943926,"minecraft:sneak_time":4115,"minecraft:walk_under_water_one_cm":11430,"minecraft:boat_one_cm":157594,"minecraft:tune_noteblock":6,"minecraft:time_since_rest":5370,"minecraft:damage_taken":5588,"minecraft:damage_absorbed":40,"minecraft:trigger_trapped_chest":2,"minecraft:swim_one_cm":26607,"minecraft:fly_one_cm":768430,"minecraft:open_chest":77,"minecraft:fall_one_cm":95910}},"DataVersion":2586}