{"stats":{"minecraft:mined":{"minecraft:dark_oak_planks":1,"minecraft:diamond_ore":51,"iceandfire:silver_ore":4,"minecraft:mossy_cobblestone":4,"minecraft:obsidian":1,"minecraft:granite":28,"minecraft:grass_block":4,"minecraft:coal_block":1,"minecraft:spruce_leaves":1,"minecraft:spawner":9,"minecraft:redstone_ore":5,"minecraft:furnace":3,"minecraft:iron_ore":79,"minecraft:fire":11,"minecraft:andesite":32,"twilightforest:twilight_oak_leaves":3,"treechop:chopped_log":9,"minecraft:azure_bluet":9,"minecraft:brown_bed":2,"minecraft:red_tulip":1,"minecraft:light_gray_concrete":5,"minecraft:stone":434,"minecraft:spruce_slab":1,"minecraft:tripwire":4,"minecraft:gray_concrete":2,"minecraft:dandelion":5,"minecraft:crafting_table":3,"minecraft:torch":11,"minecraft:poppy":11,"minecraft:tall_grass":2,"minecraft:cobblestone":7,"minecraft:lapis_ore":3,"minecraft:oak_planks":13,"minecraft:diorite":23,"minecraft:wall_torch":4,"minecraft:birch_log":4,"minecraft:wither_rose":3,"minecraft:grass":9,"minecraft:oak_log":27,"minecraft:coal_ore":32,"minecraft:gravel":26,"minecraft:dirt":12,"minecraft:smooth_quartz":12,"minecraft:cobweb":37,"minecraft:cracked_stone_bricks":1,"minecraft:polished_andesite":3,"minecraft:stone_bricks":1,"minecraft:oak_leaves":179},"minecraft:picked_up":{"minecraft:crafting_table":3,"minecraft:azure_bluet":8,"minecraft:ladder":2,"minecraft:brown_bed":2,"minecraft:wither_rose":3,"minecraft:shield":1,"minecraft:string":50,"minecraft:cracked_stone_bricks":1,"minecraft:oak_boat":2,"minecraft:poppy":11,"minecraft:iron_pickaxe":1,"minecraft:spruce_slab":1,"minecraft:coal_block":1,"minecraft:furnace":3,"minecraft:egg":1,"minecraft:iron_boots":1,"minecraft:stick":11,"minecraft:torch":26,"iceandfire:silver_ore":3,"minecraft:porkchop":11,"minecraft:diorite":20,"minecraft:redstone":22,"minecraft:arrow":21,"minecraft:rotten_flesh":4,"minecraft:golden_hoe":1,"minecraft:peony":1,"minecraft:red_tulip":1,"minecraft:obsidian":1,"minecraft:mutton":10,"minecraft:white_wool":6,"minecraft:cobblestone":399,"minecraft:birch_log":4,"minecraft:cooked_beef":4,"minecraft:andesite":27,"minecraft:brown_wool":6,"minecraft:leather":9,"minecraft:flint":4,"minecraft:oak_log":40,"minecraft:gunpowder":3,"minecraft:lapis_lazuli":22,"minecraft:gray_concrete":3,"minecraft:dirt":15,"twilightforest:canopy_sapling":1,"minecraft:bone":17,"minecraft:stone_bricks":1,"minecraft:wheat_seeds":1,"minecraft:stone_pickaxe":1,"minecraft:iron_ingot":1,"minecraft:iron_ore":78,"minecraft:oak_planks":11,"minecraft:cooked_porkchop":2,"minecraft:dandelion":5,"minecraft:gravel":39,"minecraft:spider_eye":2,"minecraft:mossy_cobblestone":4,"minecraft:polished_andesite":3,"minecraft:diamond":40,"minecraft:stone_axe":1,"minecraft:granite":27,"minecraft:gray_wool":5,"minecraft:oak_sapling":8,"minecraft:coal":51,"twilightforest:torchberries":2},"minecraft:killed_by":{"mutantbeasts:mutant_skeleton":1},"minecraft:crafted":{"minecraft:oak_planks":88,"minecraft:furnace":3,"minecraft:cooked_mutton":6,"minecraft:glass":14,"minecraft:diamond_helmet":1,"minecraft:diamond_leggings":1,"minecraft:stone_pickaxe":1,"minecraft:chest":1,"minecraft:diamond_boots":1,"minecraft:cooked_beef":1,"minecraft:diamond_sword":2,"minecraft:cooked_porkchop":3,"minecraft:diamond_axe":1,"minecraft:crafting_table":5,"travelersbackpack:standard":1,"travelersbackpack:backpack_tank":2,"minecraft:wooden_pickaxe":1,"travelersbackpack:brown_sleeping_bag":1,"minecraft:brown_bed":1,"minecraft:birch_planks":16,"minecraft:air":0,"minecraft:oak_boat":1,"minecraft:diamond_pickaxe":1,"minecraft:stick":24,"minecraft:iron_pickaxe":1,"minecraft:iron_ingot":22,"minecraft:wooden_axe":1,"minecraft:white_bed":1,"minecraft:torch":36,"minecraft:shears":1,"minecraft:diamond_chestplate":1},"minecraft:killed":{"minecraft:cave_spider":3,"minecraft:spider":1,"minecraft:horse":8,"minecraft:skeleton":19,"minecraft:magma_cube":8,"minecraft:pig":7,"twilightforest:kobold":3,"minecraft:creeper":3,"twilightforest:skeleton_druid":4,"minecraft:sheep":6,"minecraft:zombie":5,"iceandfire:ghost":2},"minecraft:dropped":{"minecraft:bread":1,"minecraft:porkchop":11,"minecraft:wheat_seeds":1,"minecraft:oak_log":4,"minecraft:diamond":1,"minecraft:cobblestone":1,"minecraft:leather":5,"minecraft:granite":10,"minecraft:polished_andesite":3,"minecraft:flint":3,"minecraft:stick":7,"minecraft:dirt":11,"minecraft:brown_wool":1,"minecraft:white_wool":2,"minecraft:dandelion":5,"minecraft:gold_ingot":1,"minecraft:rotten_flesh":4,"minecraft:iron_boots":1,"minecraft:white_bed":1,"minecraft:oak_sapling":8,"minecraft:spider_eye":2},"minecraft:used":{"minecraft:peony":1,"minecraft:poppy":11,"minecraft:shield":10,"minecraft:iron_sword":37,"twilightforest:canopy_sapling":1,"minecraft:cooked_chicken":7,"minecraft:torch":78,"iceandfire:silver_ore":3,"minecraft:dirt":2,"minecraft:granite":3,"minecraft:wooden_axe":17,"minecraft:stone_bricks":1,"minecraft:furnace":5,"minecraft:egg":1,"minecraft:cooked_beef":5,"minecraft:brown_bed":2,"minecraft:cooked_mutton":6,"minecraft:water_bucket":7,"minecraft:stone_pickaxe":120,"minecraft:oak_planks":20,"minecraft:wooden_pickaxe":3,"minecraft:diamond_axe":29,"minecraft:cracked_stone_bricks":1,"minecraft:crafting_table":7,"minecraft:gray_concrete":3,"minecraft:oak_log":1,"minecraft:diamond_pickaxe":333,"minecraft:bread":5,"minecraft:iron_pickaxe":317,"iceandfire:graveyard_soil":2,"minecraft:gravel":1,"minecraft:stone_axe":1,"minecraft:diamond_sword":334,"minecraft:cobblestone":123,"minecraft:cooked_porkchop":3,"minecraft:andesite":16,"minecraft:bucket":12,"minecraft:oak_boat":2,"minecraft:wither_rose":1},"minecraft:custom":{"minecraft:mob_kills":74,"minecraft:interact_with_crafting_table":31,"minecraft:leave_game":7,"minecraft:time_since_death":96143,"minecraft:climb_one_cm":10144,"minecraft:sprint_one_cm":198593,"minecraft:walk_one_cm":346612,"minecraft:damage_blocked_by_shield":272,"minecraft:drop":22,"minecraft:deaths":3,"minecraft:sneak_time":1859,"minecraft:walk_under_water_one_cm":6017,"minecraft:boat_one_cm":89506,"minecraft:jump":1696,"minecraft:walk_on_water_one_cm":35079,"minecraft:interact_with_furnace":45,"minecraft:tune_noteblock":6,"minecraft:play_one_minute":114883,"minecraft:sleep_in_bed":2,"minecraft:time_since_rest":24123,"minecraft:damage_taken":2581,"minecraft:trigger_trapped_chest":2,"minecraft:damage_dealt":13712,"minecraft:swim_one_cm":3435,"minecraft:fly_one_cm":247746,"minecraft:player_kills":1,"minecraft:open_chest":12,"minecraft:crouch_one_cm":7646,"minecraft:fall_one_cm":20643,"minecraft:inspect_dispenser":1}},"DataVersion":2586}