{"stats":{"minecraft:mined":{"iceandfire:pixie_jar_empty":2,"minecraft:glass_pane":3,"iceandfire:copper_pile":2,"minecraft:crafting_table":3,"minecraft:torch":19,"minecraft:granite":29,"minecraft:grass_block":23,"minecraft:white_stained_glass_pane":2,"minecraft:chest":1,"minecraft:cobblestone":16,"minecraft:lapis_ore":1,"minecraft:oak_planks":5,"minecraft:wall_torch":21,"minecraft:warped_wart_block":3,"minecraft:birch_planks":4,"minecraft:furnace":2,"minecraft:carrots":4,"minecraft:wheat":14,"minecraft:birch_log":7,"minecraft:iron_ore":37,"minecraft:sweet_berry_bush":3,"minecraft:andesite":7,"minecraft:birch_leaves":57,"minecraft:warped_fungus":1,"treechop:chopped_log":5,"minecraft:yellow_bed":1,"minecraft:grass":7,"minecraft:potatoes":2,"minecraft:oak_log":5,"minecraft:coal_ore":15,"iceandfire:silver_pile":3,"minecraft:shroomlight":1,"minecraft:beetroots":1,"minecraft:dirt":162,"minecraft:stone_bricks":1,"minecraft:stone":159,"minecraft:netherrack":20,"minecraft:gold_ore":6},"minecraft:picked_up":{"minecraft:birch_log":7,"minecraft:crafting_table":3,"minecraft:wheat":11,"iceandfire:hydra_arrow":1,"iceandfire:myrmex_desert_chestplate":1,"minecraft:andesite":7,"minecraft:potato":2,"minecraft:birch_planks":4,"minecraft:oak_log":5,"gravestone:obituary":4,"minecraft:golden_boots":1,"minecraft:yellow_bed":1,"minecraft:gunpowder":64,"iceandfire:myrmex_desert_boots":1,"minecraft:lapis_lazuli":8,"minecraft:string":2,"minecraft:dirt":197,"minecraft:stone_bricks":1,"minecraft:bone":5,"minecraft:shroomlight":1,"minecraft:beetroot":1,"iceandfire:pixie_jar_empty":2,"minecraft:wheat_seeds":38,"minecraft:cobweb":3,"minecraft:iron_ore":54,"cgm:advanced_bullet":64,"minecraft:chest":1,"minecraft:oak_planks":5,"minecraft:birch_sapling":2,"minecraft:iron_sword":1,"minecraft:furnace":2,"minecraft:warped_fungus":1,"iceandfire:copper_nugget":14,"iceandfire:myrmex_desert_leggings":1,"minecraft:sweet_berries":6,"cgm:rifle":2,"iceandfire:dragonbone_sword":1,"minecraft:torch":40,"minecraft:warped_wart_block":3,"iceandfire:deathworm_white_helmet":1,"minecraft:spruce_sapling":1,"minecraft:carrot":6,"minecraft:gold_ore":6,"minecraft:dragon_egg":1,"minecraft:arrow":5,"minecraft:rotten_flesh":2,"minecraft:beetroot_seeds":4,"minecraft:granite":29,"minecraft:bone_meal":1,"minecraft:white_terracotta":1,"minecraft:netherrack":20,"minecraft:mutton":6,"iceandfire:silver_nugget":10,"minecraft:coal":17,"minecraft:white_wool":2,"minecraft:cobblestone":175},"minecraft:crafted":{"iceandfire:copper_ingot":1,"minecraft:oak_planks":20,"iceandfire:silver_ingot":1,"minecraft:iron_nugget":18,"minecraft:crafting_table":2,"minecraft:wooden_pickaxe":1,"minecraft:furnace":1,"minecraft:birch_planks":28,"minecraft:bread":3,"minecraft:stick":20,"minecraft:iron_ingot":29,"minecraft:iron_pickaxe":1,"minecraft:stone_pickaxe":1,"minecraft:gold_ingot":5,"minecraft:torch":44},"minecraft:killed":{"minecraft:cat":1,"minecraft:spider":1,"minecraft:sheep":3,"minecraft:skeleton":3,"minecraft:zombie":3,"minecraft:villager":3},"minecraft:dropped":{"minecraft:iron_sword":2,"minecraft:wheat_seeds":2,"minecraft:lapis_lazuli":8,"minecraft:cobblestone":2,"minecraft:rotten_flesh":1,"minecraft:dragon_egg":1,"minecraft:andesite":1,"gravestone:obituary":4,"minecraft:string":2,"iceandfire:myrmex_desert_boots":1,"cgm:rifle":1},"minecraft:used":{"minecraft:beetroot":1,"minecraft:wheat_seeds":16,"minecraft:iron_ore":1,"minecraft:birch_planks":23,"minecraft:stone_pickaxe":134,"minecraft:chest":1,"minecraft:white_terracotta":1,"minecraft:gold_ore":1,"minecraft:white_wool":1,"minecraft:torch":83,"minecraft:dirt":71,"minecraft:mutton":6,"minecraft:crafting_table":5,"minecraft:carrot":7,"cgm:rifle":31,"minecraft:granite":26,"iceandfire:dragonbone_sword":37,"minecraft:bread":3,"minecraft:birch_sapling":2,"minecraft:iron_pickaxe":256,"minecraft:spruce_sapling":1,"minecraft:stone_bricks":1,"minecraft:cobblestone":150,"minecraft:sweet_berries":13,"minecraft:furnace":3,"minecraft:beetroot_seeds":1,"minecraft:andesite":6,"minecraft:yellow_bed":1,"minecraft:potato":2,"minecraft:bone_meal":1,"iceandfire:pixie_jar_empty":2},"minecraft:custom":{"minecraft:interact_with_furnace":12,"minecraft:mob_kills":14,"minecraft:interact_with_crafting_table":12,"minecraft:play_one_minute":134634,"minecraft:leave_game":3,"minecraft:time_since_death":134634,"minecraft:sleep_in_bed":2,"minecraft:climb_one_cm":1260,"minecraft:time_since_rest":8760,"minecraft:waystone_activated":1,"minecraft:sprint_one_cm":127048,"minecraft:damage_taken":425,"minecraft:walk_one_cm":473479,"minecraft:drop":25,"minecraft:damage_dealt":1460,"minecraft:talked_to_villager":8,"minecraft:fly_one_cm":79676,"minecraft:open_chest":20,"minecraft:crouch_one_cm":4620,"minecraft:sneak_time":2649,"minecraft:walk_under_water_one_cm":393,"minecraft:jump":933,"minecraft:walk_on_water_one_cm":13756,"minecraft:fall_one_cm":11019},"minecraft:broken":{"minecraft:stone_pickaxe":1,"minecraft:iron_pickaxe":1}},"DataVersion":2586}