{"stats":{"minecraft:used":{"minecraft:cooked_mutton":2,"minecraft:diorite":16,"minecraft:iron_ore":1,"minecraft:stone_sword":37,"minecraft:stone_shovel":47,"minecraft:stone_pickaxe":325,"minecraft:oak_planks":22,"minecraft:chest":4,"minecraft:wooden_pickaxe":37,"minecraft:oak_door":3,"minecraft:torch":86,"minecraft:dirt":185,"minecraft:crafting_table":7,"minecraft:granite":5,"minecraft:apple":1,"minecraft:iron_pickaxe":9,"travelersbackpack:white_sleeping_bag":2,"minecraft:wooden_sword":12,"minecraft:cobblestone":142,"minecraft:furnace":5,"minecraft:oak_sapling":11,"minecraft:andesite":5,"minecraft:cooked_beef":4},"minecraft:custom":{"minecraft:interact_with_furnace":11,"minecraft:mob_kills":12,"minecraft:interact_with_crafting_table":18,"minecraft:play_one_minute":98160,"minecraft:leave_game":2,"minecraft:time_since_death":0,"minecraft:sleep_in_bed":1,"minecraft:climb_one_cm":852,"minecraft:time_since_rest":618,"minecraft:sprint_one_cm":19349,"minecraft:damage_taken":1333,"minecraft:walk_one_cm":354896,"minecraft:drop":6,"minecraft:damage_dealt":1577,"minecraft:fly_one_cm":5464,"minecraft:open_chest":20,"minecraft:crouch_one_cm":2,"minecraft:deaths":3,"minecraft:sneak_time":237,"minecraft:walk_under_water_one_cm":1318,"minecraft:jump":704,"minecraft:walk_on_water_one_cm":12238,"minecraft:fall_one_cm":8610},"minecraft:crafted":{"minecraft:cooked_beef":5,"minecraft:wooden_sword":1,"minecraft:oak_door":3,"minecraft:oak_planks":88,"minecraft:stone_shovel":1,"minecraft:crafting_table":2,"minecraft:wooden_pickaxe":1,"minecraft:furnace":2,"minecraft:cooked_mutton":2,"travelersbackpack:white_sleeping_bag":1,"minecraft:stick":28,"minecraft:iron_ingot":16,"minecraft:iron_pickaxe":1,"minecraft:stone_pickaxe":3,"minecraft:stone_sword":1,"minecraft:chest":2,"minecraft:torch":88},"minecraft:killed":{"minecraft:spider":1,"minecraft:sheep":4,"minecraft:skeleton":1,"minecraft:zombie":1,"goblintraders:goblin_trader":1,"minecraft:cow":3},"minecraft:broken":{"minecraft:stone_pickaxe":2},"minecraft:dropped":{"minecraft:leather":4,"minecraft:wooden_sword":1,"minecraft:wooden_pickaxe":1},"minecraft:mined":{"minecraft:oak_door":1,"minecraft:crafting_table":6,"minecraft:torch":13,"gravestone:gravestone":1,"minecraft:granite":8,"minecraft:grass_block":7,"minecraft:chest":2,"travelersbackpack:white_sleeping_bag":1,"minecraft:cobblestone":34,"minecraft:oak_planks":3,"minecraft:diorite":20,"minecraft:wall_torch":10,"minecraft:furnace":4,"iceandfire:copper_ore":4,"minecraft:iron_ore":18,"minecraft:andesite":12,"minecraft:birch_leaves":6,"treechop:chopped_log":14,"minecraft:oak_log":23,"minecraft:coal_ore":53,"minecraft:dirt":244,"minecraft:stone":154,"minecraft:gold_ore":6,"minecraft:oak_leaves":399},"minecraft:picked_up":{"minecraft:crafting_table":6,"iceandfire:copper_ore":4,"minecraft:andesite":12,"minecraft:leather":4,"minecraft:wooden_pickaxe":2,"minecraft:oak_log":22,"minecraft:dirt":247,"minecraft:string":2,"minecraft:wooden_sword":2,"minecraft:apple":10,"minecraft:beef":5,"minecraft:iron_ore":17,"minecraft:chest":2,"minecraft:oak_planks":5,"minecraft:furnace":4,"minecraft:stick":10,"minecraft:oak_door":1,"minecraft:torch":26,"minecraft:diorite":17,"minecraft:gold_ore":6,"minecraft:spider_eye":2,"travelersbackpack:white_sleeping_bag":1,"minecraft:rotten_flesh":1,"minecraft:granite":8,"minecraft:oak_sapling":15,"minecraft:mutton":7,"minecraft:coal":63,"minecraft:white_wool":14,"minecraft:cobblestone":186},"minecraft:killed_by":{"minecraft:player":1,"minecraft:skeleton":1}},"DataVersion":2586}