{"stats":{"minecraft:picked_up":{"minecraft:sugar_cane":2,"minecraft:wheat_seeds":1},"minecraft:custom":{"minecraft:jump":12,"minecraft:time_since_rest":637,"minecraft:play_one_minute":637,"minecraft:leave_game":1,"minecraft:sprint_one_cm":2020,"minecraft:walk_on_water_one_cm":40,"minecraft:time_since_death":637,"minecraft:walk_one_cm":1647,"minecraft:sneak_time":7,"minecraft:walk_under_water_one_cm":1184,"minecraft:swim_one_cm":1603,"minecraft:fall_one_cm":267,"minecraft:fly_one_cm":1309},"minecraft:mined":{"minecraft:grass":9,"minecraft:sugar_cane":2}},"DataVersion":2586}