{"stats":{"minecraft:mined":{"minecraft:diamond_ore":27,"minecraft:crafting_table":10,"minecraft:torch":1,"minecraft:granite":30,"minecraft:grass_block":6,"minecraft:tall_grass":28,"minecraft:cobblestone":16,"minecraft:sugar_cane":2,"minecraft:diorite":40,"minecraft:wall_torch":9,"minecraft:fire":1,"minecraft:redstone_ore":3,"minecraft:iron_ore":56,"minecraft:furnace":5,"minecraft:andesite":16,"treechop:chopped_log":12,"minecraft:peony":1,"minecraft:grass":25,"minecraft:oak_log":50,"minecraft:coal_ore":48,"minecraft:sand":30,"minecraft:gravel":16,"minecraft:dirt":11,"minecraft:cobweb":5,"minecraft:stone":388,"minecraft:oak_leaves":164},"minecraft:picked_up":{"minecraft:feather":5,"minecraft:crafting_table":10,"minecraft:cooked_beef":1,"minecraft:chicken":4,"minecraft:andesite":21,"minecraft:leather":4,"minecraft:oak_log":50,"minecraft:gunpowder":2,"minecraft:dirt":17,"minecraft:string":6,"minecraft:iron_axe":2,"minecraft:wheat_seeds":7,"minecraft:beef":11,"minecraft:iron_ore":68,"minecraft:sugar_cane":5,"minecraft:oak_planks":6,"minecraft:egg":1,"minecraft:furnace":5,"minecraft:sand":28,"minecraft:torch":12,"iceandfire:silver_ore":1,"minecraft:gravel":12,"minecraft:porkchop":20,"minecraft:diorite":43,"minecraft:redstone":12,"minecraft:arrow":1,"minecraft:rotten_flesh":5,"minecraft:diamond":38,"minecraft:granite":30,"minecraft:bread":1,"minecraft:gold_ingot":2,"minecraft:oak_sapling":1,"minecraft:coal":68,"minecraft:cobblestone":423},"minecraft:crafted":{"minecraft:cooked_beef":8,"minecraft:oak_planks":88,"minecraft:diamond_sword":1,"minecraft:cooked_porkchop":6,"minecraft:diamond_axe":1,"minecraft:crafting_table":3,"minecraft:iron_helmet":1,"minecraft:wooden_pickaxe":1,"minecraft:iron_sword":1,"minecraft:furnace":1,"minecraft:bucket":1,"minecraft:diamond_shovel":1,"minecraft:stone_axe":1,"minecraft:cooked_mutton":4,"minecraft:air":0,"minecraft:iron_boots":2,"minecraft:diamond_helmet":1,"minecraft:diamond_leggings":1,"minecraft:iron_chestplate":1,"minecraft:charcoal":7,"minecraft:diamond_pickaxe":1,"minecraft:shield":3,"minecraft:iron_axe":1,"minecraft:stick":56,"minecraft:iron_ingot":38,"minecraft:iron_pickaxe":2,"minecraft:stone_pickaxe":1,"minecraft:chest":2,"minecraft:diamond_boots":1,"minecraft:torch":132,"minecraft:diamond_chestplate":1},"minecraft:killed":{"minecraft:cave_spider":2,"minecraft:pig":3,"minecraft:spider":1,"minecraft:creeper":2,"minecraft:skeleton":1,"minecraft:zombie":2,"minecraft:chicken":4,"minecraft:cow":4},"minecraft:dropped":{"minecraft:gravel":8,"minecraft:iron_sword":1,"minecraft:stone_axe":1,"minecraft:wheat_seeds":7,"minecraft:cooked_beef":4,"minecraft:oak_log":8,"minecraft:cooked_porkchop":2,"minecraft:iron_helmet":1,"minecraft:rotten_flesh":4,"minecraft:iron_boots":2,"iceandfire:silver_ore":1,"minecraft:granite":27,"minecraft:dirt":2,"minecraft:shield":1,"minecraft:gunpowder":2,"minecraft:diorite":38,"minecraft:torch":12,"minecraft:iron_chestplate":1,"minecraft:andesite":20,"minecraft:oak_sapling":1,"minecraft:sand":1,"minecraft:iron_axe":2,"minecraft:wooden_pickaxe":1,"minecraft:stone_pickaxe":1,"minecraft:iron_pickaxe":1,"minecraft:gold_ingot":1},"minecraft:used":{"minecraft:cooked_mutton":2,"minecraft:diorite":5,"minecraft:iron_ore":2,"minecraft:stone_pickaxe":100,"minecraft:wooden_pickaxe":15,"minecraft:shield":41,"minecraft:iron_sword":10,"minecraft:rotten_flesh":1,"minecraft:torch":93,"minecraft:dirt":15,"minecraft:crafting_table":12,"minecraft:granite":3,"minecraft:diamond_shovel":32,"minecraft:bread":1,"minecraft:diamond_pickaxe":308,"minecraft:chicken":3,"minecraft:iron_axe":26,"minecraft:iron_pickaxe":248,"minecraft:gravel":4,"minecraft:stone_axe":66,"minecraft:diamond_sword":69,"minecraft:cobblestone":30,"minecraft:furnace":6,"minecraft:porkchop":3,"minecraft:cooked_porkchop":4,"minecraft:bucket":1,"minecraft:andesite":1,"minecraft:cooked_beef":5},"minecraft:broken":{"minecraft:iron_pickaxe":1},"minecraft:custom":{"minecraft:interact_with_furnace":63,"minecraft:mob_kills":19,"minecraft:interact_with_crafting_table":41,"minecraft:play_one_minute":91615,"minecraft:leave_game":1,"minecraft:time_since_death":91615,"minecraft:time_since_rest":91615,"minecraft:sprint_one_cm":187663,"minecraft:damage_taken":905,"minecraft:walk_one_cm":407356,"minecraft:damage_blocked_by_shield":1437,"minecraft:drop":57,"minecraft:damage_dealt":2407,"minecraft:swim_one_cm":5894,"minecraft:fly_one_cm":162945,"minecraft:crouch_one_cm":14611,"minecraft:sneak_time":5693,"minecraft:walk_under_water_one_cm":1158,"minecraft:jump":1239,"minecraft:walk_on_water_one_cm":8857,"minecraft:fall_one_cm":14990}},"DataVersion":2586}