{"stats":{"minecraft:mined":{"minecraft:spruce_planks":1,"minecraft:white_bed":18,"twilightforest:naga_stone":1,"minecraft:granite":30,"minecraft:acacia_log":4,"minecraft:grass_block":184,"minecraft:oxeye_daisy":1,"minecraft:spawner":3,"minecraft:tall_seagrass":1,"minecraft:iron_ore":73,"minecraft:fire":1,"minecraft:dark_oak_stairs":1,"iceandfire:gold_pile":28,"minecraft:light_gray_concrete":3,"iceandfire:myrmex_resin_sticky_desert":2,"minecraft:clay":1,"minecraft:torch":2,"minecraft:poppy":4,"iceandfire:ghost_chest":1,"minecraft:cobblestone":29,"minecraft:oak_planks":17,"minecraft:sugar_cane":2,"minecraft:iron_door":1,"minecraft:wall_torch":9,"minecraft:warped_nylium":4,"minecraft:black_concrete_powder":1,"iceandfire:crackled_stone":1,"minecraft:birch_log":6,"minecraft:grass":100,"minecraft:oak_log":286,"minecraft:sand":64,"minecraft:dirt":13,"minecraft:infested_cracked_stone_bricks":1,"minecraft:netherrack":234,"minecraft:oak_leaves":3071,"minecraft:nether_gold_ore":168,"minecraft:diamond_ore":27,"minecraft:end_stone":431,"minecraft:ladder":4,"gravestone:gravestone":6,"minecraft:spruce_leaves":4,"minecraft:kelp":1,"cgm:workbench":4,"minecraft:hay_block":60,"minecraft:redstone_ore":3,"minecraft:furnace":16,"minecraft:andesite":18,"minecraft:black_concrete":3,"treechop:chopped_log":154,"twilightforest:twilight_oak_leaves":1,"minecraft:peony":4,"minecraft:bookshelf":58,"minecraft:chorus_plant":2,"minecraft:stone":397,"minecraft:gray_concrete":1,"minecraft:infested_stone_bricks":1,"minecraft:dandelion":1,"minecraft:crafting_table":19,"minecraft:rose_bush":1,"minecraft:tall_grass":63,"minecraft:diorite":41,"minecraft:warped_wart_block":1,"minecraft:spruce_stairs":1,"minecraft:birch_leaves":68,"minecraft:coal_ore":48,"minecraft:gravel":63,"minecraft:cobweb":5,"minecraft:fern":4},"minecraft:picked_up":{"minecraft:shulker_shell":2,"twilightforest:lich_trophy":1,"minecraft:wheat":2,"cgm:basic_bullet":864,"minecraft:flower_pot":1,"minecraft:diamond_sword":1,"minecraft:golden_sword":1,"twilightforest:shield_scepter":1,"iceandfire:manuscript":16,"minecraft:string":30,"iceandfire:sea_serpent_scales_teal":9,"minecraft:smooth_stone_slab":4,"minecraft:experience_bottle":3,"minecraft:shroomlight":1,"minecraft:gold_nugget":882,"twilightforest:etched_nagastone_mossy":1,"minecraft:spruce_planks":1,"minecraft:rose_bush":1,"minecraft:written_book":2,"minecraft:smooth_quartz":5,"minecraft:coal_block":1,"iceandfire:dragonscales_red":10,"minecraft:furnace":16,"minecraft:golden_helmet":1,"minecraft:stick":86,"iceandfire:ghost_chest":1,"minecraft:torch":14,"minecraft:acacia_log":7,"minecraft:spruce_stairs":15,"iceandfire:silver_ore":1,"additionalguns:m1014":1,"minecraft:porkchop":47,"iceandfire:lightning_dragon_flesh":8,"iceandfire:crackled_gravel":3,"minecraft:diorite":43,"minecraft:golden_chestplate":1,"minecraft:rotten_flesh":50,"iceandfire:deathworm_chitin_yellow":7,"iceandfire:fire_dragon_heart":2,"minecraft:iron_block":1,"iceandfire:myrmex_desert_chitin":11,"minecraft:end_rod":1,"minecraft:cobblestone":447,"minecraft:birch_log":6,"iceandfire:dragonscales_black":5,"minecraft:feather":15,"minecraft:cooked_beef":1,"minecraft:iron_door":1,"minecraft:andesite":21,"minecraft:brown_wool":3,"minecraft:flint":8,"minecraft:light_gray_dye":1,"minecraft:gray_concrete":3,"minecraft:dirt":371,"twilightforest:canopy_sapling":7,"minecraft:bone":83,"minecraft:bow":3,"minecraft:wheat_seeds":40,"minecraft:oak_planks":35,"twilightforest:nagastone_stairs_mossy_right":1,"minecraft:cooked_porkchop":5,"minecraft:warped_wart_block":43,"iceandfire:dragon_skull_fire":5,"minecraft:sand":62,"minecraft:ink_sac":3,"iceandfire:lightning_dragon_heart":2,"cgm:shell":411,"minecraft:light_gray_concrete":4,"minecraft:polished_andesite":2,"minecraft:black_concrete_powder":1,"minecraft:sugar":2,"twilightforest:twilight_oak_sapling":8,"minecraft:diamond":38,"minecraft:black_concrete":8,"iceandfire:crackled_stone":2,"waystones:waystone":2,"minecraft:granite":40,"minecraft:golden_apple":1,"minecraft:white_concrete":8,"minecraft:chorus_fruit":21,"minecraft:bread":1,"minecraft:oak_sapling":123,"minecraft:netherrack":245,"additionalguns:ace_of_spades":1,"iceandfire:copper_ingot":1,"iceandfire:dragon_skull_lightning":8,"minecraft:crafting_table":25,"minecraft:chicken":8,"iceandfire:witherbone":1,"minecraft:clay_ball":4,"mutantbeasts:hulk_hammer":1,"additionalguns:over_under":1,"travelersbackpack:sandstone":1,"gravestone:obituary":1,"minecraft:chain":2,"minecraft:iron_axe":2,"iceandfire:amythest_gem":3,"iceandfire:bestiary":1,"cgm:mini_gun":1,"minecraft:beef":43,"twilightforest:ice_bomb":6,"twilightforest:naga_scale":9,"minecraft:iron_nugget":31,"minecraft:poppy":9,"twilightforest:naga_stone":2,"cgm:bazooka":2,"additionalguns:bullet_special":304,"minecraft:sugar_cane":5,"iceandfire:dragonscales_electric":24,"minecraft:birch_sapling":6,"minecraft:egg":2,"iceandfire:dragonbone":183,"minecraft:end_stone":444,"iceandfire:dragonscales_gray":36,"iceandfire:myrmex_resin_desert":1,"iceandfire:deathworm_chitin_white":16,"minecraft:redstone":12,"minecraft:arrow":55,"minecraft:cooked_cod":1,"twilightforest:etched_nagastone":2,"minecraft:hay_block":62,"minecraft:gold_ingot":2,"iceandfire:myrmex_resin_sticky_desert":7,"minecraft:mutton":10,"minecraft:skeleton_skull":2,"minecraft:white_wool":15,"minecraft:oxeye_daisy":1,"minecraft:leather":26,"cgm:missile":11,"iceandfire:hippogryph_talon":1,"minecraft:oak_log":273,"iceandfire:ectoplasm":2,"minecraft:golden_boots":1,"minecraft:gunpowder":81,"minecraft:paper":18,"minecraft:apple":12,"minecraft:stone_bricks":3,"minecraft:iron_ingot":59,"minecraft:iron_ore":122,"minecraft:cooked_chicken":6,"minecraft:cobweb":7,"minecraft:iron_sword":1,"iceandfire:fire_dragon_flesh":8,"twilightforest:yeti_trophy":1,"minecraft:dark_oak_stairs":1,"minecraft:book":204,"iceandfire:copper_nugget":10,"twilightforest:nagastone_pillar":6,"minecraft:dark_oak_slab":36,"minecraft:stone_brick_slab":2,"minecraft:dandelion":1,"minecraft:gravel":52,"minecraft:spruce_sapling":1,"minecraft:white_bed":19,"twilightforest:alpha_fur":2,"minecraft:dragon_egg":1,"minecraft:spider_eye":3,"travelersbackpack:standard":1,"additionalguns:casing_special":16,"minecraft:painting":12,"twilightforest:spiral_bricks":10,"cgm:workbench":4,"minecraft:coal":68,"minecraft:ender_pearl":3},"minecraft:killed_by":{"iceandfire:fire_dragon":1,"minecraft:player":4,"minecraft:shulker":1},"minecraft:crafted":{"minecraft:black_dye":3,"minecraft:light_gray_concrete_powder":8,"minecraft:oak_planks":444,"iceandfire:myrmex_desert_boots":1,"minecraft:diamond_shovel":1,"iceandfire:myrmex_desert_leggings":1,"minecraft:cooked_mutton":4,"minecraft:glass":13,"minecraft:diamond_leggings":1,"minecraft:diamond_helmet":1,"minecraft:iron_boots":2,"iceandfire:armor_gray_helmet":1,"minecraft:chest":7,"iceandfire:armor_gray_boots":1,"minecraft:cooked_porkchop":27,"minecraft:diamond_axe":1,"minecraft:crafting_table":10,"minecraft:wooden_pickaxe":1,"minecraft:iron_helmet":1,"travelersbackpack:standard":1,"iceandfire:armor_red_chestplate":1,"travelersbackpack:creeper":2,"minecraft:birch_planks":4,"twilightforest:yeti_boots":1,"minecraft:iron_chestplate":1,"minecraft:diamond_pickaxe":1,"minecraft:charcoal":7,"minecraft:shield":3,"minecraft:stick":56,"minecraft:iron_ingot":112,"iceandfire:deathworm_white_helmet":1,"minecraft:iron_pickaxe":2,"minecraft:gold_ingot":93,"minecraft:light_gray_dye":1,"minecraft:shears":2,"iceandfire:armor_gray_leggings":1,"minecraft:iron_nugget":261,"minecraft:furnace":2,"minecraft:black_concrete_powder":8,"minecraft:iron_axe":1,"minecraft:stone_pickaxe":1,"minecraft:diamond_boots":1,"cgm:workbench":1,"minecraft:wheat":418,"minecraft:cooked_beef":8,"minecraft:red_dye":1,"iceandfire:dragonbone_sword":2,"minecraft:diamond_sword":1,"travelersbackpack:backpack_tank":2,"travelersbackpack:brown_sleeping_bag":1,"minecraft:iron_sword":1,"minecraft:bucket":1,"minecraft:stone_axe":1,"minecraft:bread":139,"minecraft:air":0,"twilightforest:naga_chestplate":1,"minecraft:gold_nugget":9,"minecraft:white_bed":2,"minecraft:acacia_planks":16,"minecraft:torch":132,"minecraft:diamond_chestplate":1},"minecraft:killed":{"minecraft:cave_spider":2,"minecraft:witch":1,"minecraft:spider":11,"minecraft:shulker":2,"minecraft:skeleton":73,"minecraft:chicken":8,"minecraft:silverfish":24,"minecraft:magma_cube":3,"minecraft:piglin":3,"minecraft:pig":7,"minecraft:zombie_villager":1,"minecraft:ender_dragon":1,"minecraft:creeper":27,"iceandfire:cockatrice":1,"minecraft:sheep":3,"minecraft:zombie":56,"iceandfire:myrmex_queen":1,"twilightforest:wild_boar":11,"iceandfire:lightning_dragon":1,"iceandfire:sea_serpent":1,"minecraft:cow":16,"twilightforest:winter_wolf":1,"mutantbeasts:mutant_enderman":1,"iceandfire:fire_dragon":2,"twilightforest:swarm_spider":1,"twilightforest:death_tome":4,"iceandfire:deathworm":2,"minecraft:husk":10,"minecraft:bat":1,"twilightforest:kobold":2,"minecraft:squid":1,"iceandfire:myrmex_soldier":3,"iceandfire:ghost":3,"mutantbeasts:mutant_zombie":1,"minecraft:enderman":6},"minecraft:dropped":{"minecraft:iron_sword":2,"minecraft:birch_planks":4,"minecraft:porkchop":2,"minecraft:dark_oak_stairs":1,"minecraft:cooked_beef":4,"minecraft:oak_log":13,"minecraft:ender_pearl":1,"minecraft:crafting_table":2,"minecraft:cooked_porkchop":5,"minecraft:dark_oak_slab":36,"iceandfire:fire_dragon_flesh":1,"twilightforest:naga_stone":1,"iceandfire:ectoplasm":2,"minecraft:flint":5,"iceandfire:sea_serpent_scales_teal":9,"iceandfire:copper_ingot":1,"minecraft:dirt":341,"minecraft:gray_concrete":3,"minecraft:mutton":10,"iceandfire:dragonscales_red":2,"minecraft:chain":2,"gravestone:obituary":5,"minecraft:sand":12,"minecraft:sugar":2,"minecraft:iron_pickaxe":1,"twilightforest:ice_bomb":5,"iceandfire:myrmex_desert_boots":1,"minecraft:birch_log":5,"minecraft:white_wool":8,"minecraft:gold_ingot":1,"minecraft:bone":39,"minecraft:gravel":49,"minecraft:stone_axe":1,"minecraft:iron_nugget":18,"minecraft:cooked_chicken":1,"minecraft:golden_chestplate":1,"minecraft:birch_sapling":6,"minecraft:wheat":1,"minecraft:obsidian":4,"minecraft:rotten_flesh":48,"minecraft:end_stone":7,"iceandfire:myrmex_resin_desert":1,"iceandfire:crackled_gravel":2,"twilightforest:etched_nagastone_mossy":1,"minecraft:poppy":9,"minecraft:gunpowder":97,"minecraft:skeleton_skull":1,"iceandfire:bestiary":1,"iceandfire:deathworm_chitin_white":11,"minecraft:painting":12,"additionalguns:casing_special":16,"minecraft:iron_ore":1,"minecraft:glass":1,"minecraft:arrow":48,"minecraft:warped_wart_block":27,"iceandfire:deathworm_chitin_yellow":7,"minecraft:light_gray_concrete_powder":5,"twilightforest:nagastone_pillar":6,"minecraft:netherrack":5,"iceandfire:manuscript":16,"minecraft:egg":1,"iceandfire:dragonbone_sword":1,"minecraft:golden_boots":1,"minecraft:iron_ingot":6,"minecraft:bread":61,"minecraft:wheat_seeds":37,"minecraft:golden_helmet":1,"twilightforest:canopy_sapling":7,"iceandfire:myrmex_desert_leggings":1,"minecraft:diamond_leggings":1,"additionalguns:ace_of_spades":1,"minecraft:iron_helmet":1,"minecraft:feather":5,"minecraft:cobblestone":14,"twilightforest:lich_trophy":1,"minecraft:granite":37,"twilightforest:twilight_oak_sapling":4,"twilightforest:etched_nagastone":2,"twilightforest:nagastone_stairs_mossy_right":1,"iceandfire:lightning_dragon_flesh":5,"minecraft:spruce_stairs":15,"minecraft:acacia_log":3,"minecraft:coal_block":1,"minecraft:golden_apple":1,"minecraft:stick":86,"minecraft:polished_andesite":2,"iceandfire:deathworm_white_helmet":1,"minecraft:cobweb":7,"minecraft:iron_block":1,"minecraft:diorite":38,"iceandfire:dragonscales_black":5,"iceandfire:hippogryph_talon":1,"twilightforest:spiral_bricks":10,"minecraft:torch":12,"iceandfire:copper_nugget":10,"minecraft:rose_bush":1,"minecraft:brown_wool":1,"additionalguns:bullet_special":48,"minecraft:diamond_helmet":1,"additionalguns:m1014":1,"minecraft:iron_axe":3,"minecraft:paper":18,"minecraft:string":76,"minecraft:redstone":4,"minecraft:acacia_planks":2,"iceandfire:dragon_skull_fire":4,"minecraft:spruce_sapling":1,"minecraft:stone_brick_slab":2,"minecraft:dandelion":1,"iceandfire:dragonbone":45,"iceandfire:lightning_dragon_heart":1,"minecraft:smooth_stone_slab":2,"minecraft:bowl":1,"minecraft:chicken":1,"iceandfire:silver_ore":1,"minecraft:iron_boots":2,"minecraft:light_gray_concrete":1,"minecraft:filled_map":1,"minecraft:diamond_sword":2,"minecraft:hay_block":2,"minecraft:shroomlight":1,"minecraft:shield":1,"minecraft:spruce_planks":1,"minecraft:iron_chestplate":1,"minecraft:andesite":20,"iceandfire:silver_ingot":3,"minecraft:oak_sapling":81,"minecraft:golden_sword":1,"minecraft:spider_eye":3,"minecraft:stone_bricks":3,"minecraft:diamond_boots":1,"minecraft:bow":3,"minecraft:stone_pickaxe":1,"minecraft:wooden_pickaxe":1,"iceandfire:crackled_stone":1,"iceandfire:dragon_skull_lightning":4},"minecraft:used":{"minecraft:chest":6,"minecraft:shield":99,"minecraft:iron_sword":14,"minecraft:rotten_flesh":1,"iceandfire:crackled_gravel":1,"minecraft:written_book":1,"minecraft:cooked_cod":1,"minecraft:oak_sapling":32,"minecraft:furnace":15,"minecraft:diorite":5,"minecraft:chorus_fruit":9,"minecraft:stone_pickaxe":100,"minecraft:oak_planks":252,"minecraft:ender_pearl":5,"minecraft:wooden_pickaxe":15,"minecraft:diamond_axe":352,"minecraft:sand":2,"minecraft:mushroom_stew":2,"cgm:bazooka":1,"minecraft:black_concrete_powder":9,"minecraft:end_stone":378,"waystones:waystone":2,"iceandfire:dragonbone_sword":55,"minecraft:bread":85,"minecraft:iron_door":1,"minecraft:gravel":11,"additionalguns:ace_of_spades":58,"twilightforest:naga_stone":1,"minecraft:diamond_sword":444,"minecraft:smithing_table":1,"minecraft:andesite":1,"cgm:mini_gun":530,"minecraft:experience_bottle":3,"iceandfire:myrmex_resin_sticky_desert":2,"additionalguns:over_under":237,"minecraft:cooked_chicken":2,"minecraft:netherrack":10,"minecraft:torch":134,"minecraft:dirt":28,"cgm:workbench":6,"minecraft:granite":3,"minecraft:iron_axe":36,"minecraft:cooked_beef":5,"minecraft:enchanted_golden_apple":42,"minecraft:cooked_mutton":4,"iceandfire:fire_dragon_flesh":1,"minecraft:iron_ore":2,"iceandfire:crackled_stone":1,"iceandfire:dragon_skull_lightning":3,"minecraft:crafting_table":25,"minecraft:white_bed":22,"minecraft:light_gray_concrete_powder":3,"minecraft:diamond_pickaxe":1222,"minecraft:apple":15,"minecraft:diamond_shovel":295,"travelersbackpack:creeper":4,"minecraft:chicken":7,"minecraft:iron_pickaxe":248,"minecraft:stone_axe":66,"minecraft:cobblestone":113,"travelersbackpack:standard":4,"minecraft:porkchop":7,"minecraft:cooked_porkchop":27,"minecraft:bucket":1},"minecraft:broken":{"minecraft:iron_pickaxe":1},"minecraft:custom":{"minecraft:interact_with_crafting_table":88,"minecraft:open_barrel":6,"minecraft:leave_game":5,"minecraft:time_since_death":63948,"minecraft:damage_resisted":11,"minecraft:sprint_one_cm":1421101,"minecraft:damage_blocked_by_shield":2876,"minecraft:drop":354,"minecraft:talked_to_villager":5,"minecraft:deaths":8,"minecraft:jump":11887,"minecraft:walk_on_water_one_cm":75098,"minecraft:interact_with_furnace":140,"minecraft:play_one_minute":583578,"minecraft:sleep_in_bed":14,"minecraft:waystone_activated":3,"minecraft:damage_dealt":21617,"minecraft:player_kills":1,"minecraft:crouch_one_cm":89324,"minecraft:interact_with_smithing_table":1,"minecraft:mob_kills":292,"minecraft:climb_one_cm":13218,"minecraft:walk_one_cm":1525931,"minecraft:sneak_time":27298,"minecraft:walk_under_water_one_cm":51199,"minecraft:boat_one_cm":15208,"minecraft:time_since_rest":64036,"minecraft:damage_taken":8219,"minecraft:damage_absorbed":4883,"minecraft:trigger_trapped_chest":1,"minecraft:swim_one_cm":41606,"minecraft:fly_one_cm":6072600,"minecraft:open_chest":63,"minecraft:fall_one_cm":272055}},"DataVersion":2586}