{"stats":{"minecraft:mined":{"minecraft:diamond_ore":27,"minecraft:crafting_table":10,"minecraft:torch":1,"minecraft:granite":29,"minecraft:grass_block":6,"minecraft:tall_grass":24,"minecraft:cobblestone":16,"minecraft:sugar_cane":2,"minecraft:diorite":32,"minecraft:wall_torch":9,"minecraft:redstone_ore":3,"minecraft:iron_ore":56,"minecraft:furnace":5,"minecraft:andesite":16,"minecraft:peony":1,"minecraft:grass":23,"minecraft:oak_log":32,"minecraft:coal_ore":29,"minecraft:gravel":16,"minecraft:dirt":9,"minecraft:cobweb":5,"minecraft:stone":358,"minecraft:oak_leaves":6},"minecraft:picked_up":{"minecraft:crafting_table":10,"minecraft:cooked_beef":1,"minecraft:chicken":1,"minecraft:andesite":21,"minecraft:leather":4,"minecraft:oak_log":33,"minecraft:gunpowder":2,"minecraft:dirt":15,"minecraft:string":5,"minecraft:iron_axe":2,"minecraft:wheat_seeds":7,"minecraft:beef":11,"minecraft:iron_ore":68,"minecraft:sugar_cane":5,"minecraft:oak_planks":6,"minecraft:furnace":5,"minecraft:torch":11,"iceandfire:silver_ore":1,"minecraft:gravel":12,"minecraft:porkchop":9,"minecraft:diorite":35,"minecraft:redstone":12,"minecraft:rotten_flesh":1,"minecraft:diamond":38,"minecraft:granite":29,"minecraft:bread":1,"minecraft:gold_ingot":2,"minecraft:oak_sapling":1,"minecraft:coal":49,"minecraft:cobblestone":392},"minecraft:crafted":{"minecraft:cooked_beef":8,"minecraft:oak_planks":72,"minecraft:diamond_sword":1,"minecraft:cooked_porkchop":6,"minecraft:diamond_axe":1,"minecraft:crafting_table":3,"minecraft:iron_helmet":1,"minecraft:wooden_pickaxe":1,"minecraft:iron_sword":1,"minecraft:furnace":1,"minecraft:diamond_shovel":1,"minecraft:stone_axe":1,"minecraft:air":0,"minecraft:iron_boots":2,"minecraft:diamond_helmet":1,"minecraft:diamond_leggings":1,"minecraft:iron_chestplate":1,"minecraft:charcoal":7,"minecraft:diamond_pickaxe":1,"minecraft:shield":3,"minecraft:iron_axe":1,"minecraft:stick":56,"minecraft:iron_ingot":35,"minecraft:iron_pickaxe":2,"minecraft:stone_pickaxe":1,"minecraft:diamond_boots":1,"minecraft:torch":100,"minecraft:diamond_chestplate":1},"minecraft:killed":{"minecraft:cave_spider":2,"minecraft:pig":3,"minecraft:creeper":2,"minecraft:zombie":2,"minecraft:chicken":1,"minecraft:cow":4},"minecraft:dropped":{"minecraft:iron_sword":1,"minecraft:stone_axe":1,"minecraft:wheat_seeds":7,"minecraft:cooked_beef":4,"minecraft:oak_log":8,"minecraft:cooked_porkchop":2,"minecraft:iron_helmet":1,"minecraft:iron_boots":2,"iceandfire:silver_ore":1,"minecraft:granite":26,"minecraft:shield":1,"minecraft:gunpowder":2,"minecraft:diorite":19,"minecraft:torch":12,"minecraft:iron_chestplate":1,"minecraft:andesite":19,"minecraft:oak_sapling":1,"minecraft:iron_axe":2,"minecraft:wooden_pickaxe":1,"minecraft:stone_pickaxe":1,"minecraft:iron_pickaxe":1,"minecraft:gold_ingot":1},"minecraft:used":{"minecraft:diorite":5,"minecraft:iron_ore":2,"minecraft:stone_pickaxe":100,"minecraft:wooden_pickaxe":15,"minecraft:shield":7,"minecraft:iron_sword":10,"minecraft:rotten_flesh":1,"minecraft:torch":81,"minecraft:dirt":15,"minecraft:crafting_table":12,"minecraft:granite":3,"minecraft:bread":1,"minecraft:diamond_pickaxe":250,"minecraft:chicken":1,"minecraft:iron_axe":11,"minecraft:iron_pickaxe":248,"minecraft:gravel":4,"minecraft:stone_axe":66,"minecraft:diamond_sword":48,"minecraft:cobblestone":30,"minecraft:furnace":5,"minecraft:porkchop":3,"minecraft:cooked_porkchop":4,"minecraft:andesite":1,"minecraft:cooked_beef":5},"minecraft:broken":{"minecraft:iron_pickaxe":1},"minecraft:custom":{"minecraft:interact_with_furnace":53,"minecraft:mob_kills":14,"minecraft:interact_with_crafting_table":32,"minecraft:play_one_minute":79615,"minecraft:leave_game":1,"minecraft:time_since_death":79615,"minecraft:time_since_rest":79615,"minecraft:sprint_one_cm":156841,"minecraft:damage_taken":829,"minecraft:walk_one_cm":368746,"minecraft:damage_blocked_by_shield":412,"minecraft:drop":49,"minecraft:damage_dealt":1929,"minecraft:swim_one_cm":2520,"minecraft:fly_one_cm":112691,"minecraft:crouch_one_cm":14464,"minecraft:sneak_time":5636,"minecraft:walk_under_water_one_cm":640,"minecraft:jump":960,"minecraft:walk_on_water_one_cm":6879,"minecraft:fall_one_cm":10806}},"DataVersion":2586}