{"stats":{"minecraft:mined":{"minecraft:diamond_ore":27,"minecraft:white_bed":3,"minecraft:ladder":4,"gravestone:gravestone":1,"minecraft:granite":30,"minecraft:grass_block":6,"minecraft:spawner":2,"minecraft:redstone_ore":3,"minecraft:furnace":8,"minecraft:iron_ore":56,"minecraft:fire":1,"minecraft:andesite":16,"treechop:chopped_log":23,"minecraft:peony":1,"minecraft:stone":388,"minecraft:gray_concrete":1,"minecraft:crafting_table":11,"minecraft:torch":1,"minecraft:tall_grass":28,"minecraft:cobblestone":18,"minecraft:sugar_cane":2,"minecraft:diorite":40,"minecraft:iron_door":1,"minecraft:wall_torch":9,"minecraft:grass":28,"minecraft:coal_ore":48,"minecraft:oak_log":67,"minecraft:dirt":11,"minecraft:gravel":16,"minecraft:sand":30,"minecraft:cobweb":5,"minecraft:oak_leaves":386},"minecraft:picked_up":{"minecraft:crafting_table":11,"minecraft:chicken":4,"minecraft:string":6,"minecraft:iron_axe":2,"minecraft:beef":11,"minecraft:smooth_quartz":5,"minecraft:sugar_cane":5,"minecraft:furnace":8,"minecraft:egg":1,"minecraft:stick":7,"iceandfire:silver_ore":1,"minecraft:torch":13,"minecraft:porkchop":20,"minecraft:diorite":43,"minecraft:redstone":12,"minecraft:arrow":7,"minecraft:rotten_flesh":7,"minecraft:gold_ingot":2,"minecraft:white_wool":3,"minecraft:cobblestone":425,"minecraft:feather":5,"minecraft:cooked_beef":1,"minecraft:iron_door":1,"minecraft:andesite":21,"minecraft:leather":9,"minecraft:brown_wool":3,"minecraft:oak_log":65,"iceandfire:ectoplasm":1,"minecraft:gunpowder":2,"minecraft:gray_concrete":3,"minecraft:dirt":17,"minecraft:bone":12,"minecraft:wheat_seeds":8,"minecraft:iron_ore":68,"minecraft:oak_planks":6,"minecraft:gravel":12,"minecraft:sand":28,"minecraft:white_bed":4,"minecraft:light_gray_concrete":1,"minecraft:diamond":38,"minecraft:granite":40,"minecraft:bread":1,"minecraft:oak_sapling":8,"minecraft:coal":68},"minecraft:killed_by":{"minecraft:player":1},"minecraft:crafted":{"minecraft:oak_planks":96,"minecraft:furnace":1,"minecraft:diamond_shovel":1,"minecraft:cooked_mutton":4,"minecraft:glass":13,"minecraft:diamond_leggings":1,"minecraft:diamond_helmet":1,"minecraft:iron_boots":2,"minecraft:iron_axe":1,"minecraft:stone_pickaxe":1,"minecraft:chest":3,"minecraft:diamond_boots":1,"minecraft:cooked_beef":8,"minecraft:diamond_sword":1,"minecraft:cooked_porkchop":9,"minecraft:diamond_axe":1,"minecraft:crafting_table":3,"travelersbackpack:backpack_tank":2,"minecraft:wooden_pickaxe":1,"minecraft:iron_helmet":1,"travelersbackpack:brown_sleeping_bag":1,"travelersbackpack:standard":1,"minecraft:iron_sword":1,"minecraft:bucket":1,"minecraft:stone_axe":1,"minecraft:air":0,"minecraft:iron_chestplate":1,"minecraft:diamond_pickaxe":1,"minecraft:charcoal":7,"minecraft:shield":3,"minecraft:stick":56,"minecraft:iron_ingot":56,"minecraft:iron_pickaxe":2,"minecraft:torch":132,"minecraft:shears":1,"minecraft:diamond_chestplate":1},"minecraft:killed":{"minecraft:cave_spider":2,"minecraft:spider":1,"minecraft:skeleton":10,"minecraft:chicken":4,"minecraft:magma_cube":3,"minecraft:pig":3,"minecraft:creeper":2,"minecraft:zombie":2,"minecraft:cow":4},"minecraft:dropped":{"minecraft:iron_sword":1,"minecraft:wheat_seeds":7,"minecraft:cooked_beef":4,"minecraft:oak_log":8,"minecraft:crafting_table":1,"minecraft:cooked_porkchop":2,"minecraft:iron_helmet":1,"minecraft:granite":37,"minecraft:stick":1,"minecraft:dirt":2,"minecraft:diorite":38,"minecraft:torch":12,"minecraft:brown_wool":1,"minecraft:iron_axe":3,"minecraft:sand":1,"minecraft:iron_pickaxe":1,"minecraft:gold_ingot":1,"minecraft:gravel":44,"minecraft:stone_axe":1,"minecraft:rotten_flesh":6,"iceandfire:silver_ore":1,"minecraft:iron_boots":2,"minecraft:shield":1,"minecraft:gunpowder":2,"minecraft:iron_chestplate":1,"minecraft:andesite":20,"minecraft:oak_sapling":7,"minecraft:glass":1,"minecraft:stone_pickaxe":1,"minecraft:wooden_pickaxe":1,"minecraft:egg":1},"minecraft:used":{"minecraft:chest":2,"minecraft:shield":47,"minecraft:iron_sword":10,"minecraft:rotten_flesh":1,"minecraft:torch":99,"minecraft:dirt":15,"minecraft:granite":3,"minecraft:iron_axe":36,"minecraft:furnace":7,"minecraft:cooked_beef":5,"minecraft:cooked_mutton":4,"minecraft:diorite":5,"minecraft:iron_ore":2,"minecraft:stone_pickaxe":100,"minecraft:wooden_pickaxe":15,"minecraft:diamond_axe":29,"minecraft:crafting_table":12,"minecraft:white_bed":3,"minecraft:diamond_pickaxe":319,"minecraft:diamond_shovel":32,"minecraft:chicken":3,"minecraft:bread":1,"minecraft:iron_pickaxe":248,"minecraft:iron_door":1,"minecraft:gravel":4,"minecraft:stone_axe":66,"minecraft:diamond_sword":148,"minecraft:cobblestone":43,"minecraft:cooked_porkchop":6,"minecraft:porkchop":4,"minecraft:andesite":1,"minecraft:bucket":1},"minecraft:broken":{"minecraft:iron_pickaxe":1},"minecraft:custom":{"minecraft:mob_kills":27,"minecraft:interact_with_crafting_table":50,"minecraft:leave_game":1,"minecraft:time_since_death":11339,"minecraft:climb_one_cm":8469,"minecraft:sprint_one_cm":218377,"minecraft:walk_one_cm":473508,"minecraft:damage_blocked_by_shield":1646,"minecraft:drop":73,"minecraft:deaths":1,"minecraft:sneak_time":7019,"minecraft:walk_under_water_one_cm":2545,"minecraft:boat_one_cm":15208,"minecraft:jump":1509,"minecraft:walk_on_water_one_cm":22356,"minecraft:interact_with_furnace":85,"minecraft:play_one_minute":115615,"minecraft:sleep_in_bed":2,"minecraft:time_since_rest":733,"minecraft:damage_taken":1573,"minecraft:damage_dealt":4770,"minecraft:swim_one_cm":12075,"minecraft:fly_one_cm":198265,"minecraft:open_chest":13,"minecraft:crouch_one_cm":19805,"minecraft:fall_one_cm":19857}},"DataVersion":2586}