{"stats":{"minecraft:mined":{"minecraft:white_bed":10,"twilightforest:naga_stone":1,"minecraft:granite":30,"minecraft:grass_block":183,"minecraft:spawner":2,"minecraft:tall_seagrass":1,"minecraft:fire":1,"minecraft:iron_ore":73,"iceandfire:gold_pile":3,"minecraft:clay":1,"minecraft:torch":2,"minecraft:poppy":4,"iceandfire:ghost_chest":1,"minecraft:cobblestone":29,"minecraft:sugar_cane":2,"minecraft:oak_planks":17,"minecraft:iron_door":1,"minecraft:wall_torch":9,"minecraft:warped_nylium":4,"minecraft:black_concrete_powder":1,"minecraft:grass":81,"minecraft:oak_log":285,"minecraft:sand":56,"minecraft:dirt":13,"minecraft:infested_cracked_stone_bricks":1,"minecraft:netherrack":234,"minecraft:oak_leaves":3071,"minecraft:nether_gold_ore":168,"minecraft:diamond_ore":27,"gravestone:gravestone":3,"minecraft:ladder":4,"minecraft:hay_block":18,"minecraft:redstone_ore":3,"minecraft:furnace":16,"minecraft:andesite":16,"twilightforest:twilight_oak_leaves":1,"minecraft:black_concrete":3,"treechop:chopped_log":148,"minecraft:peony":4,"minecraft:bookshelf":58,"minecraft:stone":397,"minecraft:gray_concrete":1,"minecraft:infested_stone_bricks":1,"minecraft:dandelion":1,"minecraft:crafting_table":14,"minecraft:rose_bush":1,"minecraft:tall_grass":57,"minecraft:diorite":41,"minecraft:warped_wart_block":1,"minecraft:birch_leaves":17,"minecraft:coal_ore":48,"minecraft:gravel":51,"minecraft:cobweb":5,"minecraft:fern":4},"minecraft:picked_up":{"twilightforest:lich_trophy":1,"minecraft:wheat":2,"minecraft:flower_pot":1,"minecraft:diamond_sword":1,"minecraft:golden_sword":1,"twilightforest:shield_scepter":1,"iceandfire:manuscript":16,"minecraft:string":25,"minecraft:smooth_stone_slab":4,"minecraft:shroomlight":1,"minecraft:gold_nugget":700,"twilightforest:etched_nagastone_mossy":1,"minecraft:rose_bush":1,"minecraft:written_book":2,"minecraft:smooth_quartz":5,"minecraft:furnace":16,"minecraft:golden_helmet":1,"minecraft:stick":78,"iceandfire:ghost_chest":1,"minecraft:torch":14,"iceandfire:silver_ore":1,"additionalguns:m1014":1,"minecraft:porkchop":44,"minecraft:diorite":43,"minecraft:golden_chestplate":1,"minecraft:rotten_flesh":39,"minecraft:iron_block":1,"minecraft:cobblestone":445,"minecraft:feather":14,"minecraft:cooked_beef":1,"minecraft:iron_door":1,"minecraft:andesite":21,"minecraft:brown_wool":3,"minecraft:flint":3,"minecraft:light_gray_dye":1,"minecraft:gray_concrete":3,"minecraft:dirt":369,"twilightforest:canopy_sapling":7,"minecraft:bone":41,"minecraft:bow":3,"minecraft:wheat_seeds":20,"minecraft:oak_planks":35,"twilightforest:nagastone_stairs_mossy_right":1,"minecraft:cooked_porkchop":5,"minecraft:warped_wart_block":43,"minecraft:sand":55,"minecraft:ink_sac":3,"cgm:shell":185,"minecraft:light_gray_concrete":1,"minecraft:polished_andesite":2,"minecraft:black_concrete_powder":1,"twilightforest:twilight_oak_sapling":8,"minecraft:diamond":38,"minecraft:black_concrete":8,"waystones:waystone":1,"minecraft:granite":40,"minecraft:golden_apple":1,"minecraft:white_concrete":8,"minecraft:bread":1,"minecraft:oak_sapling":123,"minecraft:netherrack":245,"additionalguns:ace_of_spades":1,"iceandfire:copper_ingot":1,"minecraft:crafting_table":14,"minecraft:chicken":8,"minecraft:clay_ball":4,"additionalguns:over_under":1,"minecraft:iron_axe":2,"iceandfire:bestiary":1,"cgm:mini_gun":1,"minecraft:beef":43,"twilightforest:ice_bomb":6,"twilightforest:naga_scale":9,"minecraft:iron_nugget":31,"minecraft:poppy":5,"additionalguns:bullet_special":16,"twilightforest:naga_stone":2,"minecraft:sugar_cane":5,"minecraft:egg":2,"minecraft:redstone":12,"minecraft:arrow":24,"minecraft:cooked_cod":1,"twilightforest:etched_nagastone":2,"minecraft:hay_block":18,"minecraft:gold_ingot":2,"minecraft:skeleton_skull":1,"minecraft:white_wool":3,"minecraft:leather":26,"minecraft:oak_log":272,"iceandfire:hippogryph_talon":1,"iceandfire:ectoplasm":2,"minecraft:golden_boots":1,"minecraft:gunpowder":41,"minecraft:paper":18,"minecraft:apple":12,"minecraft:stone_bricks":3,"minecraft:iron_ingot":27,"minecraft:iron_ore":122,"minecraft:cobweb":3,"twilightforest:yeti_trophy":1,"minecraft:iron_sword":1,"minecraft:book":204,"twilightforest:nagastone_pillar":6,"minecraft:stone_brick_slab":2,"minecraft:dandelion":1,"minecraft:gravel":43,"minecraft:white_bed":11,"twilightforest:alpha_fur":2,"minecraft:spider_eye":1,"minecraft:painting":12,"twilightforest:spiral_bricks":10,"minecraft:coal":68,"minecraft:ender_pearl":1},"minecraft:killed_by":{"minecraft:player":3},"minecraft:crafted":{"minecraft:black_dye":3,"minecraft:oak_planks":440,"minecraft:diamond_shovel":1,"minecraft:cooked_mutton":4,"minecraft:glass":13,"minecraft:diamond_helmet":1,"minecraft:diamond_leggings":1,"minecraft:iron_boots":2,"minecraft:chest":7,"minecraft:cooked_porkchop":27,"minecraft:diamond_axe":1,"minecraft:crafting_table":7,"travelersbackpack:standard":1,"minecraft:wooden_pickaxe":1,"minecraft:iron_helmet":1,"twilightforest:yeti_boots":1,"minecraft:iron_chestplate":1,"minecraft:charcoal":7,"minecraft:diamond_pickaxe":1,"minecraft:shield":3,"minecraft:stick":56,"minecraft:iron_pickaxe":2,"minecraft:iron_ingot":110,"minecraft:gold_ingot":76,"minecraft:shears":1,"minecraft:iron_nugget":81,"minecraft:furnace":2,"minecraft:black_concrete_powder":8,"minecraft:iron_axe":1,"minecraft:stone_pickaxe":1,"minecraft:diamond_boots":1,"minecraft:wheat":162,"minecraft:cooked_beef":8,"minecraft:diamond_sword":1,"travelersbackpack:backpack_tank":2,"travelersbackpack:brown_sleeping_bag":1,"minecraft:iron_sword":1,"minecraft:bucket":1,"minecraft:stone_axe":1,"minecraft:bread":54,"minecraft:air":0,"twilightforest:naga_chestplate":1,"minecraft:gold_nugget":9,"minecraft:torch":132,"minecraft:diamond_chestplate":1},"minecraft:killed":{"minecraft:cave_spider":2,"minecraft:spider":7,"minecraft:skeleton":32,"minecraft:chicken":8,"minecraft:magma_cube":3,"minecraft:piglin":3,"minecraft:pig":5,"minecraft:creeper":18,"minecraft:zombie":24,"twilightforest:wild_boar":11,"minecraft:cow":16,"twilightforest:winter_wolf":1,"twilightforest:swarm_spider":1,"twilightforest:death_tome":4,"minecraft:bat":1,"twilightforest:kobold":2,"minecraft:squid":1,"iceandfire:ghost":2},"minecraft:dropped":{"minecraft:iron_sword":2,"minecraft:cooked_beef":4,"minecraft:oak_log":13,"minecraft:ender_pearl":1,"minecraft:crafting_table":1,"minecraft:cooked_porkchop":5,"twilightforest:naga_stone":1,"iceandfire:ectoplasm":2,"iceandfire:copper_ingot":1,"minecraft:dirt":340,"minecraft:gray_concrete":3,"gravestone:obituary":3,"minecraft:sand":10,"minecraft:iron_pickaxe":1,"twilightforest:ice_bomb":5,"minecraft:gold_ingot":1,"minecraft:gravel":44,"minecraft:stone_axe":1,"minecraft:golden_chestplate":1,"minecraft:rotten_flesh":36,"twilightforest:etched_nagastone_mossy":1,"minecraft:poppy":5,"minecraft:gunpowder":21,"iceandfire:bestiary":1,"minecraft:painting":12,"minecraft:arrow":4,"minecraft:glass":1,"minecraft:warped_wart_block":26,"twilightforest:nagastone_pillar":6,"minecraft:netherrack":3,"iceandfire:manuscript":16,"minecraft:egg":1,"minecraft:golden_boots":1,"minecraft:bread":29,"minecraft:wheat_seeds":10,"minecraft:golden_helmet":1,"twilightforest:canopy_sapling":7,"additionalguns:ace_of_spades":1,"minecraft:iron_helmet":1,"minecraft:cobblestone":12,"twilightforest:lich_trophy":1,"minecraft:granite":37,"twilightforest:etched_nagastone":2,"twilightforest:twilight_oak_sapling":4,"twilightforest:nagastone_stairs_mossy_right":1,"minecraft:golden_apple":1,"minecraft:stick":1,"minecraft:polished_andesite":2,"minecraft:cobweb":3,"minecraft:iron_block":1,"minecraft:diorite":38,"iceandfire:hippogryph_talon":1,"twilightforest:spiral_bricks":10,"minecraft:torch":12,"minecraft:brown_wool":1,"minecraft:rose_bush":1,"additionalguns:bullet_special":16,"additionalguns:m1014":1,"minecraft:iron_axe":3,"minecraft:paper":18,"minecraft:string":7,"minecraft:dandelion":1,"minecraft:stone_brick_slab":2,"minecraft:smooth_stone_slab":2,"minecraft:bowl":1,"minecraft:iron_boots":2,"iceandfire:silver_ore":1,"minecraft:light_gray_concrete":1,"minecraft:filled_map":1,"minecraft:diamond_sword":1,"minecraft:shroomlight":1,"minecraft:shield":1,"minecraft:iron_chestplate":1,"minecraft:andesite":20,"minecraft:oak_sapling":55,"minecraft:golden_sword":1,"minecraft:spider_eye":1,"minecraft:stone_bricks":3,"minecraft:bow":3,"minecraft:stone_pickaxe":1,"minecraft:wooden_pickaxe":1},"minecraft:used":{"minecraft:chest":6,"minecraft:shield":97,"minecraft:iron_sword":14,"minecraft:rotten_flesh":1,"minecraft:written_book":1,"minecraft:furnace":15,"minecraft:oak_sapling":32,"minecraft:cooked_cod":1,"minecraft:diorite":5,"minecraft:stone_pickaxe":100,"minecraft:oak_planks":252,"minecraft:wooden_pickaxe":15,"minecraft:diamond_axe":327,"minecraft:sand":1,"minecraft:mushroom_stew":2,"minecraft:black_concrete_powder":9,"waystones:waystone":1,"minecraft:bread":16,"minecraft:iron_door":1,"minecraft:gravel":11,"twilightforest:naga_stone":1,"minecraft:diamond_sword":415,"minecraft:andesite":1,"additionalguns:over_under":41,"minecraft:netherrack":10,"minecraft:torch":134,"minecraft:dirt":27,"minecraft:granite":3,"minecraft:iron_axe":36,"minecraft:cooked_beef":5,"minecraft:cooked_mutton":4,"minecraft:iron_ore":2,"minecraft:crafting_table":18,"minecraft:white_bed":11,"minecraft:diamond_pickaxe":779,"minecraft:apple":15,"minecraft:diamond_shovel":272,"travelersbackpack:creeper":3,"minecraft:chicken":7,"minecraft:iron_pickaxe":248,"minecraft:stone_axe":66,"minecraft:cobblestone":113,"travelersbackpack:standard":4,"minecraft:porkchop":7,"minecraft:cooked_porkchop":27,"minecraft:bucket":1},"minecraft:broken":{"minecraft:iron_pickaxe":1},"minecraft:custom":{"minecraft:interact_with_crafting_table":68,"minecraft:open_barrel":4,"minecraft:leave_game":1,"minecraft:time_since_death":12640,"minecraft:sprint_one_cm":821233,"minecraft:damage_blocked_by_shield":2806,"minecraft:drop":168,"minecraft:talked_to_villager":5,"minecraft:deaths":3,"minecraft:jump":6259,"minecraft:walk_on_water_one_cm":38039,"minecraft:interact_with_furnace":140,"minecraft:play_one_minute":307615,"minecraft:sleep_in_bed":10,"minecraft:waystone_activated":1,"minecraft:damage_dealt":17131,"minecraft:player_kills":1,"minecraft:crouch_one_cm":35110,"minecraft:mob_kills":141,"minecraft:climb_one_cm":12075,"minecraft:walk_one_cm":1023711,"minecraft:sneak_time":11417,"minecraft:walk_under_water_one_cm":10906,"minecraft:boat_one_cm":15208,"minecraft:time_since_rest":933,"minecraft:damage_taken":4251,"minecraft:trigger_trapped_chest":1,"minecraft:swim_one_cm":21822,"minecraft:fly_one_cm":1299891,"minecraft:open_chest":48,"minecraft:fall_one_cm":135343}},"DataVersion":2586}