{"stats":{"minecraft:mined":{"minecraft:diamond_ore":27,"minecraft:white_bed":3,"minecraft:ladder":4,"gravestone:gravestone":1,"minecraft:granite":30,"minecraft:grass_block":9,"minecraft:spawner":2,"minecraft:redstone_ore":3,"minecraft:furnace":13,"minecraft:iron_ore":56,"minecraft:fire":1,"minecraft:andesite":16,"twilightforest:twilight_oak_leaves":1,"treechop:chopped_log":23,"minecraft:peony":4,"minecraft:stone":388,"minecraft:gray_concrete":1,"minecraft:dandelion":1,"minecraft:crafting_table":11,"minecraft:torch":2,"minecraft:poppy":4,"iceandfire:ghost_chest":1,"minecraft:rose_bush":1,"minecraft:tall_grass":33,"minecraft:cobblestone":26,"minecraft:sugar_cane":2,"minecraft:diorite":40,"minecraft:iron_door":1,"minecraft:wall_torch":9,"minecraft:grass":31,"minecraft:coal_ore":48,"minecraft:oak_log":67,"minecraft:dirt":11,"minecraft:gravel":16,"minecraft:sand":30,"minecraft:cobweb":5,"minecraft:oak_leaves":386,"minecraft:fern":3},"minecraft:picked_up":{"iceandfire:copper_ingot":1,"minecraft:crafting_table":11,"minecraft:wheat":2,"minecraft:chicken":4,"iceandfire:manuscript":16,"minecraft:string":6,"minecraft:iron_axe":2,"minecraft:smooth_stone_slab":2,"minecraft:gold_nugget":16,"twilightforest:etched_nagastone_mossy":1,"minecraft:beef":11,"minecraft:rose_bush":1,"minecraft:written_book":2,"twilightforest:naga_scale":9,"minecraft:poppy":4,"minecraft:smooth_quartz":5,"twilightforest:naga_stone":1,"minecraft:sugar_cane":5,"minecraft:furnace":13,"minecraft:egg":1,"minecraft:stick":14,"iceandfire:ghost_chest":1,"iceandfire:silver_ore":1,"minecraft:torch":14,"minecraft:porkchop":35,"minecraft:diorite":43,"minecraft:redstone":12,"minecraft:arrow":7,"minecraft:rotten_flesh":15,"twilightforest:etched_nagastone":2,"minecraft:gold_ingot":2,"minecraft:skeleton_skull":1,"minecraft:white_wool":3,"minecraft:cobblestone":432,"minecraft:feather":5,"minecraft:cooked_beef":1,"minecraft:iron_door":1,"minecraft:andesite":21,"minecraft:leather":9,"minecraft:brown_wool":3,"minecraft:oak_log":65,"iceandfire:ectoplasm":1,"minecraft:gunpowder":26,"minecraft:gray_concrete":3,"minecraft:dirt":20,"twilightforest:canopy_sapling":3,"minecraft:bone":12,"minecraft:wheat_seeds":10,"minecraft:cobweb":3,"minecraft:iron_ore":68,"minecraft:oak_planks":18,"twilightforest:nagastone_stairs_mossy_right":1,"twilightforest:nagastone_pillar":6,"minecraft:cooked_porkchop":5,"minecraft:stone_brick_slab":2,"minecraft:dandelion":1,"minecraft:gravel":12,"minecraft:sand":28,"minecraft:white_bed":4,"minecraft:polished_andesite":2,"minecraft:light_gray_concrete":1,"twilightforest:twilight_oak_sapling":5,"minecraft:diamond":38,"minecraft:granite":40,"minecraft:bread":1,"minecraft:oak_sapling":8,"twilightforest:spiral_bricks":10,"minecraft:coal":68},"minecraft:killed_by":{"minecraft:player":1},"minecraft:crafted":{"minecraft:oak_planks":112,"minecraft:furnace":1,"minecraft:diamond_shovel":1,"minecraft:cooked_mutton":4,"minecraft:glass":13,"minecraft:diamond_leggings":1,"minecraft:diamond_helmet":1,"minecraft:iron_boots":2,"minecraft:iron_axe":1,"minecraft:stone_pickaxe":1,"minecraft:chest":3,"minecraft:diamond_boots":1,"minecraft:cooked_beef":8,"minecraft:diamond_sword":1,"minecraft:cooked_porkchop":18,"minecraft:diamond_axe":1,"minecraft:crafting_table":4,"travelersbackpack:backpack_tank":2,"minecraft:wooden_pickaxe":1,"minecraft:iron_helmet":1,"travelersbackpack:brown_sleeping_bag":1,"travelersbackpack:standard":1,"minecraft:iron_sword":1,"minecraft:bucket":1,"minecraft:stone_axe":1,"minecraft:air":0,"twilightforest:naga_chestplate":1,"minecraft:iron_chestplate":1,"minecraft:diamond_pickaxe":1,"minecraft:charcoal":7,"minecraft:shield":3,"minecraft:stick":56,"minecraft:iron_ingot":56,"minecraft:iron_pickaxe":2,"minecraft:torch":132,"minecraft:shears":1,"minecraft:diamond_chestplate":1},"minecraft:killed":{"minecraft:cave_spider":2,"minecraft:spider":1,"minecraft:skeleton":10,"minecraft:chicken":4,"minecraft:magma_cube":3,"minecraft:pig":3,"twilightforest:kobold":2,"minecraft:creeper":2,"iceandfire:ghost":1,"minecraft:zombie":2,"twilightforest:wild_boar":9,"minecraft:cow":4},"minecraft:dropped":{"minecraft:iron_sword":1,"minecraft:wheat_seeds":9,"minecraft:cooked_beef":4,"minecraft:oak_log":8,"twilightforest:canopy_sapling":3,"minecraft:crafting_table":1,"minecraft:cooked_porkchop":5,"minecraft:iron_helmet":1,"minecraft:cobblestone":11,"minecraft:granite":37,"twilightforest:naga_stone":1,"iceandfire:ectoplasm":1,"twilightforest:twilight_oak_sapling":4,"twilightforest:etched_nagastone":2,"twilightforest:nagastone_stairs_mossy_right":1,"minecraft:polished_andesite":2,"minecraft:stick":1,"iceandfire:copper_ingot":1,"minecraft:cobweb":3,"minecraft:dirt":5,"minecraft:gray_concrete":3,"minecraft:diorite":38,"minecraft:torch":12,"twilightforest:spiral_bricks":10,"minecraft:rose_bush":1,"minecraft:brown_wool":1,"gravestone:obituary":1,"minecraft:iron_axe":3,"minecraft:sand":1,"minecraft:iron_pickaxe":1,"minecraft:stone_brick_slab":2,"minecraft:dandelion":1,"minecraft:gold_ingot":1,"minecraft:gravel":44,"minecraft:stone_axe":1,"minecraft:smooth_stone_slab":2,"minecraft:rotten_flesh":14,"iceandfire:silver_ore":1,"minecraft:iron_boots":2,"minecraft:light_gray_concrete":1,"twilightforest:etched_nagastone_mossy":1,"minecraft:poppy":4,"minecraft:shield":1,"minecraft:gunpowder":14,"minecraft:iron_chestplate":1,"minecraft:andesite":20,"minecraft:oak_sapling":8,"minecraft:glass":1,"minecraft:stone_pickaxe":1,"minecraft:wooden_pickaxe":1,"twilightforest:nagastone_pillar":6,"iceandfire:manuscript":16,"minecraft:egg":1},"minecraft:used":{"minecraft:chest":2,"minecraft:shield":47,"minecraft:iron_sword":10,"minecraft:rotten_flesh":1,"minecraft:torch":113,"minecraft:dirt":15,"minecraft:granite":3,"minecraft:iron_axe":36,"minecraft:written_book":1,"minecraft:furnace":11,"minecraft:cooked_beef":5,"minecraft:cooked_mutton":4,"minecraft:diorite":5,"minecraft:iron_ore":2,"minecraft:stone_pickaxe":100,"minecraft:oak_planks":4,"minecraft:wooden_pickaxe":15,"minecraft:diamond_axe":37,"minecraft:crafting_table":13,"minecraft:white_bed":4,"minecraft:diamond_pickaxe":332,"minecraft:diamond_shovel":36,"minecraft:chicken":3,"minecraft:bread":1,"minecraft:iron_pickaxe":248,"minecraft:iron_door":1,"minecraft:gravel":4,"minecraft:stone_axe":66,"minecraft:diamond_sword":219,"minecraft:cobblestone":92,"minecraft:cooked_porkchop":14,"minecraft:porkchop":5,"minecraft:andesite":1,"minecraft:bucket":1},"minecraft:broken":{"minecraft:iron_pickaxe":1},"minecraft:custom":{"minecraft:mob_kills":40,"minecraft:interact_with_crafting_table":51,"minecraft:leave_game":1,"minecraft:time_since_death":59339,"minecraft:climb_one_cm":8633,"minecraft:sprint_one_cm":380476,"minecraft:walk_one_cm":562345,"minecraft:damage_blocked_by_shield":1646,"minecraft:drop":107,"minecraft:deaths":1,"minecraft:sneak_time":7221,"minecraft:walk_under_water_one_cm":4975,"minecraft:boat_one_cm":15208,"minecraft:jump":2357,"minecraft:walk_on_water_one_cm":26786,"minecraft:interact_with_furnace":101,"minecraft:play_one_minute":163615,"minecraft:sleep_in_bed":3,"minecraft:time_since_rest":4711,"minecraft:damage_taken":1828,"minecraft:trigger_trapped_chest":1,"minecraft:damage_dealt":6736,"minecraft:swim_one_cm":12360,"minecraft:fly_one_cm":418130,"minecraft:open_chest":13,"minecraft:crouch_one_cm":20274,"minecraft:fall_one_cm":38991}},"DataVersion":2586}