{"stats":{"minecraft:crafted":{"minecraft:oak_planks":12,"minecraft:stone_shovel":1,"minecraft:crafting_table":1,"minecraft:wooden_pickaxe":1,"minecraft:furnace":1,"minecraft:stone_axe":1,"minecraft:stick":12,"minecraft:iron_pickaxe":1,"minecraft:stone_pickaxe":1,"minecraft:torch":12},"minecraft:killed_by":{"minecraft:player":5},"minecraft:mined":{"iceandfire:silver_ore":13,"minecraft:crafting_table":1,"gravestone:gravestone":3,"minecraft:torch":3,"minecraft:granite":26,"minecraft:tall_grass":1,"minecraft:diorite":4,"minecraft:wall_torch":3,"minecraft:redstone_ore":36,"iceandfire:copper_ore":4,"minecraft:iron_ore":71,"minecraft:birch_leaves":2,"dead_guys_untitled_deep_dark_:cold_deep_stone":5,"minecraft:andesite":3,"treechop:chopped_log":55,"minecraft:grass":8,"minecraft:oak_log":95,"minecraft:coal_ore":63,"minecraft:gravel":15,"minecraft:stone":160,"minecraft:gold_ore":20,"minecraft:oak_leaves":1018,"dead_guys_untitled_deep_dark_:cold_sculk":3},"minecraft:used":{"minecraft:diorite":4,"minecraft:stone_pickaxe":107,"minecraft:wooden_pickaxe":3,"minecraft:redstone_block":1,"iceandfire:copper_ore":4,"minecraft:gold_ore":1,"minecraft:rotten_flesh":4,"minecraft:torch":14,"minecraft:dirt":6,"minecraft:mutton":15,"minecraft:crafting_table":2,"minecraft:granite":26,"minecraft:apple":2,"minecraft:command_block":1,"minecraft:chicken":2,"minecraft:iron_pickaxe":275,"dead_guys_untitled_deep_dark_:cold_deep_stone":5,"minecraft:gravel":13,"minecraft:stone_axe":89,"minecraft:cobblestone":115,"additionalguns:ace_of_spades":1,"minecraft:oak_sapling":7,"minecraft:andesite":3,"minecraft:egg":1,"minecraft:golden_pickaxe":40},"minecraft:dropped":{"minecraft:bread":3,"minecraft:lapis_lazuli":20,"minecraft:golden_pickaxe":1,"minecraft:cooked_porkchop":2,"minecraft:cobblestone":16,"minecraft:torch":1,"minecraft:oak_sapling":9,"gravestone:obituary":3,"minecraft:glass":6,"minecraft:beef":21,"minecraft:wooden_pickaxe":1,"minecraft:iron_pickaxe":1,"travelersbackpack:backpack_tank":1,"minecraft:redstone":57},"minecraft:picked_up":{"minecraft:crafting_table":1,"cgm:basic_bullet":22,"minecraft:feather":2,"travelersbackpack:bat":1,"minecraft:chicken":2,"iceandfire:copper_ore":4,"minecraft:andesite":4,"minecraft:leather":12,"dead_guys_untitled_deep_dark_:dahlia_petal":4,"minecraft:flint":6,"minecraft:oak_log":121,"gravestone:obituary":3,"minecraft:shield":1,"minecraft:lapis_lazuli":40,"minecraft:dirt":6,"minecraft:name_tag":2,"minecraft:glass":6,"minecraft:bone":1,"travelersbackpack:backpack_tank":1,"minecraft:apple":1,"minecraft:wheat_seeds":7,"minecraft:beef":21,"minecraft:iron_ingot":4,"minecraft:iron_ore":104,"minecraft:iron_pickaxe":3,"minecraft:iron_boots":2,"minecraft:egg":1,"minecraft:stick":42,"minecraft:cooked_porkchop":2,"dead_guys_untitled_deep_dark_:cold_deep_stone":5,"minecraft:torch":5,"iceandfire:silver_ore":39,"minecraft:gravel":13,"minecraft:gold_ore":58,"minecraft:diorite":4,"dead_guys_untitled_deep_dark_:cold_sculk_prairie":3,"minecraft:redstone":535,"cgm:pistol":1,"travelersbackpack:white_sleeping_bag":1,"travelersbackpack:standard":1,"minecraft:arrow":12,"minecraft:rotten_flesh":4,"minecraft:stone_axe":1,"waystones:waystone":2,"minecraft:diamond_boots":1,"minecraft:granite":26,"minecraft:bread":3,"minecraft:oak_sapling":70,"minecraft:obsidian":7,"minecraft:mutton":16,"minecraft:coal":65,"minecraft:white_wool":2,"minecraft:cobblestone":174,"minecraft:diamond_pickaxe":1},"minecraft:broken":{"minecraft:stone_pickaxe":1,"minecraft:iron_pickaxe":1},"minecraft:killed":{"minecraft:sheep":2,"minecraft:skeleton":2,"minecraft:zombie":1,"minecraft:chicken":2},"minecraft:custom":{"minecraft:interact_with_furnace":1,"minecraft:mob_kills":7,"minecraft:interact_with_crafting_table":5,"minecraft:play_one_minute":67603,"minecraft:leave_game":3,"minecraft:time_since_death":2766,"minecraft:time_since_rest":2790,"minecraft:waystone_activated":1,"minecraft:sprint_one_cm":127764,"minecraft:damage_taken":1684,"minecraft:walk_one_cm":164191,"minecraft:drop":31,"minecraft:damage_dealt":1243,"minecraft:player_kills":1,"minecraft:fly_one_cm":220621,"minecraft:open_chest":17,"minecraft:crouch_one_cm":30866,"minecraft:deaths":5,"minecraft:sneak_time":10704,"minecraft:walk_under_water_one_cm":1143,"minecraft:jump":1265,"minecraft:walk_on_water_one_cm":6821,"minecraft:fall_one_cm":26018}},"DataVersion":2586}