{"stats":{"minecraft:mined":{"minecraft:diamond_ore":27,"minecraft:white_bed":5,"twilightforest:naga_stone":1,"minecraft:ladder":4,"gravestone:gravestone":1,"minecraft:granite":30,"minecraft:grass_block":9,"minecraft:spawner":2,"minecraft:redstone_ore":3,"minecraft:furnace":16,"minecraft:iron_ore":56,"minecraft:fire":1,"minecraft:andesite":16,"twilightforest:twilight_oak_leaves":1,"treechop:chopped_log":23,"minecraft:peony":4,"minecraft:bookshelf":58,"minecraft:stone":388,"minecraft:gray_concrete":1,"minecraft:infested_stone_bricks":1,"minecraft:dandelion":1,"minecraft:crafting_table":13,"minecraft:torch":2,"minecraft:poppy":4,"iceandfire:ghost_chest":1,"minecraft:rose_bush":1,"minecraft:tall_grass":36,"minecraft:cobblestone":26,"minecraft:oak_planks":13,"minecraft:sugar_cane":2,"minecraft:diorite":40,"minecraft:iron_door":1,"minecraft:wall_torch":9,"minecraft:grass":38,"minecraft:coal_ore":48,"minecraft:oak_log":67,"minecraft:dirt":11,"minecraft:gravel":16,"minecraft:sand":38,"minecraft:infested_cracked_stone_bricks":1,"minecraft:cobweb":5,"minecraft:oak_leaves":386,"minecraft:fern":4},"minecraft:picked_up":{"iceandfire:copper_ingot":1,"twilightforest:lich_trophy":1,"minecraft:crafting_table":13,"minecraft:wheat":2,"minecraft:chicken":8,"minecraft:diamond_sword":1,"minecraft:golden_sword":1,"twilightforest:shield_scepter":1,"iceandfire:manuscript":16,"minecraft:string":18,"minecraft:iron_axe":2,"minecraft:smooth_stone_slab":4,"minecraft:gold_nugget":16,"twilightforest:etched_nagastone_mossy":1,"minecraft:beef":11,"twilightforest:ice_bomb":6,"minecraft:rose_bush":1,"minecraft:written_book":2,"twilightforest:naga_scale":9,"minecraft:poppy":4,"minecraft:smooth_quartz":5,"twilightforest:naga_stone":2,"minecraft:sugar_cane":5,"minecraft:furnace":16,"minecraft:egg":2,"minecraft:golden_helmet":1,"minecraft:stick":16,"iceandfire:ghost_chest":1,"iceandfire:silver_ore":1,"minecraft:torch":14,"minecraft:porkchop":39,"minecraft:diorite":43,"minecraft:redstone":12,"minecraft:golden_chestplate":1,"minecraft:arrow":11,"minecraft:rotten_flesh":25,"twilightforest:etched_nagastone":2,"minecraft:iron_block":1,"minecraft:gold_ingot":2,"minecraft:skeleton_skull":1,"minecraft:white_wool":3,"minecraft:cobblestone":432,"minecraft:feather":10,"minecraft:cooked_beef":1,"minecraft:iron_door":1,"minecraft:andesite":21,"minecraft:leather":9,"minecraft:brown_wool":3,"minecraft:oak_log":65,"iceandfire:ectoplasm":2,"minecraft:golden_boots":1,"minecraft:gunpowder":26,"minecraft:paper":18,"minecraft:gray_concrete":3,"minecraft:dirt":20,"twilightforest:canopy_sapling":7,"minecraft:bone":31,"minecraft:stone_bricks":2,"minecraft:bow":1,"minecraft:wheat_seeds":11,"minecraft:cobweb":3,"minecraft:iron_ore":68,"twilightforest:yeti_trophy":1,"minecraft:oak_planks":31,"minecraft:book":204,"twilightforest:nagastone_stairs_mossy_right":1,"twilightforest:nagastone_pillar":6,"minecraft:cooked_porkchop":5,"minecraft:stone_brick_slab":2,"minecraft:dandelion":1,"minecraft:gravel":12,"minecraft:sand":37,"minecraft:white_bed":6,"twilightforest:alpha_fur":2,"minecraft:polished_andesite":2,"minecraft:light_gray_concrete":1,"twilightforest:twilight_oak_sapling":8,"minecraft:diamond":38,"minecraft:painting":12,"minecraft:granite":40,"minecraft:bread":1,"minecraft:oak_sapling":8,"twilightforest:spiral_bricks":10,"minecraft:coal":68,"minecraft:ender_pearl":1},"minecraft:killed_by":{"minecraft:player":1},"minecraft:crafted":{"minecraft:oak_planks":148,"minecraft:furnace":1,"minecraft:diamond_shovel":1,"minecraft:cooked_mutton":4,"minecraft:glass":13,"minecraft:diamond_leggings":1,"minecraft:diamond_helmet":1,"minecraft:iron_boots":2,"minecraft:iron_axe":1,"minecraft:stone_pickaxe":1,"minecraft:chest":5,"minecraft:diamond_boots":1,"minecraft:cooked_beef":8,"minecraft:diamond_sword":1,"minecraft:cooked_porkchop":27,"minecraft:diamond_axe":1,"minecraft:crafting_table":4,"travelersbackpack:backpack_tank":2,"minecraft:wooden_pickaxe":1,"minecraft:iron_helmet":1,"travelersbackpack:brown_sleeping_bag":1,"travelersbackpack:standard":1,"minecraft:iron_sword":1,"minecraft:bucket":1,"minecraft:stone_axe":1,"minecraft:air":0,"twilightforest:naga_chestplate":1,"minecraft:iron_chestplate":1,"minecraft:diamond_pickaxe":1,"minecraft:charcoal":7,"minecraft:shield":3,"minecraft:stick":56,"minecraft:iron_ingot":56,"minecraft:iron_pickaxe":2,"minecraft:torch":132,"minecraft:shears":1,"minecraft:diamond_chestplate":1},"minecraft:killed":{"twilightforest:winter_wolf":1,"minecraft:cave_spider":2,"minecraft:spider":1,"minecraft:skeleton":20,"twilightforest:swarm_spider":1,"minecraft:chicken":8,"twilightforest:death_tome":4,"minecraft:magma_cube":3,"minecraft:pig":3,"minecraft:bat":1,"twilightforest:kobold":2,"minecraft:creeper":2,"iceandfire:ghost":2,"minecraft:zombie":11,"twilightforest:wild_boar":11,"minecraft:cow":4},"minecraft:dropped":{"minecraft:golden_boots":1,"minecraft:iron_sword":1,"minecraft:wheat_seeds":10,"minecraft:golden_helmet":1,"minecraft:cooked_beef":4,"minecraft:oak_log":8,"twilightforest:canopy_sapling":7,"minecraft:ender_pearl":1,"minecraft:crafting_table":1,"minecraft:cooked_porkchop":5,"minecraft:iron_helmet":1,"minecraft:cobblestone":11,"twilightforest:lich_trophy":1,"minecraft:granite":37,"twilightforest:naga_stone":1,"iceandfire:ectoplasm":2,"twilightforest:twilight_oak_sapling":4,"twilightforest:etched_nagastone":2,"twilightforest:nagastone_stairs_mossy_right":1,"minecraft:polished_andesite":2,"minecraft:stick":1,"iceandfire:copper_ingot":1,"minecraft:cobweb":3,"minecraft:iron_block":1,"minecraft:dirt":5,"minecraft:gray_concrete":3,"minecraft:diorite":38,"minecraft:torch":12,"twilightforest:spiral_bricks":10,"minecraft:rose_bush":1,"minecraft:brown_wool":1,"gravestone:obituary":1,"minecraft:iron_axe":3,"minecraft:sand":10,"minecraft:iron_pickaxe":1,"twilightforest:ice_bomb":5,"minecraft:paper":18,"minecraft:stone_brick_slab":2,"minecraft:dandelion":1,"minecraft:gold_ingot":1,"minecraft:gravel":44,"minecraft:stone_axe":1,"minecraft:golden_chestplate":1,"minecraft:smooth_stone_slab":2,"minecraft:rotten_flesh":24,"iceandfire:silver_ore":1,"minecraft:iron_boots":2,"minecraft:light_gray_concrete":1,"twilightforest:etched_nagastone_mossy":1,"minecraft:diamond_sword":1,"minecraft:poppy":4,"minecraft:shield":1,"minecraft:gunpowder":14,"minecraft:iron_chestplate":1,"minecraft:andesite":20,"minecraft:oak_sapling":8,"minecraft:stone_bricks":2,"minecraft:golden_sword":1,"minecraft:painting":12,"minecraft:bow":1,"minecraft:arrow":4,"minecraft:glass":1,"minecraft:stone_pickaxe":1,"minecraft:wooden_pickaxe":1,"twilightforest:nagastone_pillar":6,"iceandfire:manuscript":16,"minecraft:egg":1},"minecraft:used":{"minecraft:chest":4,"minecraft:shield":73,"minecraft:iron_sword":10,"minecraft:rotten_flesh":1,"minecraft:torch":134,"minecraft:dirt":15,"minecraft:granite":3,"minecraft:iron_axe":36,"minecraft:written_book":1,"minecraft:furnace":14,"minecraft:cooked_beef":5,"minecraft:cooked_mutton":4,"minecraft:diorite":5,"minecraft:iron_ore":2,"minecraft:stone_pickaxe":100,"minecraft:oak_planks":19,"minecraft:wooden_pickaxe":15,"minecraft:diamond_axe":119,"minecraft:crafting_table":15,"minecraft:white_bed":6,"minecraft:diamond_pickaxe":336,"minecraft:diamond_shovel":45,"minecraft:chicken":7,"minecraft:bread":1,"minecraft:iron_pickaxe":248,"minecraft:iron_door":1,"minecraft:gravel":4,"twilightforest:naga_stone":1,"minecraft:stone_axe":66,"minecraft:diamond_sword":349,"minecraft:cobblestone":92,"minecraft:cooked_porkchop":27,"minecraft:porkchop":5,"minecraft:andesite":1,"minecraft:bucket":1},"minecraft:broken":{"minecraft:iron_pickaxe":1},"minecraft:custom":{"minecraft:mob_kills":75,"minecraft:interact_with_crafting_table":56,"minecraft:leave_game":1,"minecraft:time_since_death":95339,"minecraft:climb_one_cm":8633,"minecraft:sprint_one_cm":499784,"minecraft:walk_one_cm":726385,"minecraft:damage_blocked_by_shield":2176,"minecraft:drop":132,"minecraft:deaths":1,"minecraft:sneak_time":8379,"minecraft:walk_under_water_one_cm":5577,"minecraft:boat_one_cm":15208,"minecraft:jump":3315,"minecraft:walk_on_water_one_cm":29305,"minecraft:interact_with_furnace":115,"minecraft:play_one_minute":199615,"minecraft:sleep_in_bed":5,"minecraft:time_since_rest":15588,"minecraft:damage_taken":3094,"minecraft:trigger_trapped_chest":1,"minecraft:damage_dealt":13342,"minecraft:swim_one_cm":13885,"minecraft:fly_one_cm":613156,"minecraft:open_chest":20,"minecraft:crouch_one_cm":25607,"minecraft:fall_one_cm":63167}},"DataVersion":2586}