{"stats":{"minecraft:mined":{"minecraft:diamond_ore":27,"minecraft:white_bed":4,"twilightforest:naga_stone":1,"minecraft:ladder":4,"gravestone:gravestone":1,"minecraft:granite":30,"minecraft:grass_block":9,"minecraft:spawner":2,"minecraft:redstone_ore":3,"minecraft:furnace":13,"minecraft:iron_ore":56,"minecraft:fire":1,"minecraft:andesite":16,"twilightforest:twilight_oak_leaves":1,"treechop:chopped_log":23,"minecraft:peony":4,"minecraft:bookshelf":58,"minecraft:stone":388,"minecraft:gray_concrete":1,"minecraft:infested_stone_bricks":1,"minecraft:dandelion":1,"minecraft:crafting_table":12,"minecraft:torch":2,"minecraft:poppy":4,"iceandfire:ghost_chest":1,"minecraft:rose_bush":1,"minecraft:tall_grass":33,"minecraft:cobblestone":26,"minecraft:sugar_cane":2,"minecraft:diorite":40,"minecraft:iron_door":1,"minecraft:wall_torch":9,"minecraft:grass":31,"minecraft:coal_ore":48,"minecraft:oak_log":67,"minecraft:dirt":11,"minecraft:gravel":16,"minecraft:sand":38,"minecraft:infested_cracked_stone_bricks":1,"minecraft:cobweb":5,"minecraft:oak_leaves":386,"minecraft:fern":3},"minecraft:picked_up":{"iceandfire:copper_ingot":1,"minecraft:crafting_table":12,"minecraft:wheat":2,"minecraft:chicken":8,"iceandfire:manuscript":16,"minecraft:string":18,"minecraft:iron_axe":2,"minecraft:smooth_stone_slab":2,"minecraft:gold_nugget":16,"twilightforest:etched_nagastone_mossy":1,"minecraft:beef":11,"minecraft:rose_bush":1,"minecraft:written_book":2,"twilightforest:naga_scale":9,"minecraft:poppy":4,"minecraft:smooth_quartz":5,"twilightforest:naga_stone":2,"minecraft:sugar_cane":5,"minecraft:furnace":13,"minecraft:egg":2,"minecraft:stick":16,"iceandfire:ghost_chest":1,"iceandfire:silver_ore":1,"minecraft:torch":14,"minecraft:porkchop":35,"minecraft:diorite":43,"minecraft:redstone":12,"minecraft:arrow":11,"minecraft:rotten_flesh":17,"twilightforest:etched_nagastone":2,"minecraft:iron_block":1,"minecraft:gold_ingot":2,"minecraft:skeleton_skull":1,"minecraft:white_wool":3,"minecraft:cobblestone":432,"minecraft:feather":10,"minecraft:cooked_beef":1,"minecraft:iron_door":1,"minecraft:andesite":21,"minecraft:leather":9,"minecraft:brown_wool":3,"minecraft:oak_log":65,"iceandfire:ectoplasm":1,"minecraft:gunpowder":26,"minecraft:paper":12,"minecraft:gray_concrete":3,"minecraft:dirt":20,"twilightforest:canopy_sapling":3,"minecraft:bone":18,"minecraft:stone_bricks":1,"minecraft:wheat_seeds":10,"minecraft:cobweb":3,"minecraft:iron_ore":68,"minecraft:oak_planks":18,"minecraft:book":203,"twilightforest:nagastone_stairs_mossy_right":1,"twilightforest:nagastone_pillar":6,"minecraft:cooked_porkchop":5,"minecraft:stone_brick_slab":2,"minecraft:dandelion":1,"minecraft:gravel":12,"minecraft:sand":37,"minecraft:white_bed":5,"minecraft:polished_andesite":2,"minecraft:light_gray_concrete":1,"twilightforest:twilight_oak_sapling":8,"minecraft:diamond":38,"minecraft:granite":40,"minecraft:bread":1,"minecraft:oak_sapling":8,"twilightforest:spiral_bricks":10,"minecraft:coal":68},"minecraft:killed_by":{"minecraft:player":1},"minecraft:crafted":{"minecraft:oak_planks":148,"minecraft:furnace":1,"minecraft:diamond_shovel":1,"minecraft:cooked_mutton":4,"minecraft:glass":13,"minecraft:diamond_leggings":1,"minecraft:diamond_helmet":1,"minecraft:iron_boots":2,"minecraft:iron_axe":1,"minecraft:stone_pickaxe":1,"minecraft:chest":5,"minecraft:diamond_boots":1,"minecraft:cooked_beef":8,"minecraft:diamond_sword":1,"minecraft:cooked_porkchop":27,"minecraft:diamond_axe":1,"minecraft:crafting_table":4,"travelersbackpack:backpack_tank":2,"minecraft:wooden_pickaxe":1,"minecraft:iron_helmet":1,"travelersbackpack:brown_sleeping_bag":1,"travelersbackpack:standard":1,"minecraft:iron_sword":1,"minecraft:bucket":1,"minecraft:stone_axe":1,"minecraft:air":0,"twilightforest:naga_chestplate":1,"minecraft:iron_chestplate":1,"minecraft:diamond_pickaxe":1,"minecraft:charcoal":7,"minecraft:shield":3,"minecraft:stick":56,"minecraft:iron_ingot":56,"minecraft:iron_pickaxe":2,"minecraft:torch":132,"minecraft:shears":1,"minecraft:diamond_chestplate":1},"minecraft:killed":{"minecraft:cave_spider":2,"minecraft:spider":1,"minecraft:skeleton":16,"twilightforest:swarm_spider":1,"minecraft:chicken":8,"twilightforest:death_tome":3,"minecraft:magma_cube":3,"minecraft:pig":3,"minecraft:bat":1,"twilightforest:kobold":2,"minecraft:creeper":2,"iceandfire:ghost":1,"minecraft:zombie":3,"twilightforest:wild_boar":9,"minecraft:cow":4},"minecraft:dropped":{"minecraft:iron_sword":1,"minecraft:wheat_seeds":9,"minecraft:cooked_beef":4,"minecraft:oak_log":8,"twilightforest:canopy_sapling":3,"minecraft:crafting_table":1,"minecraft:cooked_porkchop":5,"minecraft:iron_helmet":1,"minecraft:cobblestone":11,"minecraft:granite":37,"twilightforest:naga_stone":1,"iceandfire:ectoplasm":1,"twilightforest:twilight_oak_sapling":4,"twilightforest:etched_nagastone":2,"twilightforest:nagastone_stairs_mossy_right":1,"minecraft:polished_andesite":2,"minecraft:stick":1,"iceandfire:copper_ingot":1,"minecraft:cobweb":3,"minecraft:iron_block":1,"minecraft:dirt":5,"minecraft:gray_concrete":3,"minecraft:diorite":38,"minecraft:torch":12,"twilightforest:spiral_bricks":10,"minecraft:rose_bush":1,"minecraft:brown_wool":1,"gravestone:obituary":1,"minecraft:iron_axe":3,"minecraft:sand":1,"minecraft:iron_pickaxe":1,"minecraft:stone_brick_slab":2,"minecraft:dandelion":1,"minecraft:gold_ingot":1,"minecraft:gravel":44,"minecraft:stone_axe":1,"minecraft:smooth_stone_slab":2,"minecraft:rotten_flesh":14,"iceandfire:silver_ore":1,"minecraft:iron_boots":2,"minecraft:light_gray_concrete":1,"twilightforest:etched_nagastone_mossy":1,"minecraft:poppy":4,"minecraft:shield":1,"minecraft:gunpowder":14,"minecraft:iron_chestplate":1,"minecraft:andesite":20,"minecraft:oak_sapling":8,"minecraft:glass":1,"minecraft:stone_pickaxe":1,"minecraft:wooden_pickaxe":1,"twilightforest:nagastone_pillar":6,"iceandfire:manuscript":16,"minecraft:egg":1},"minecraft:used":{"minecraft:chest":4,"minecraft:shield":52,"minecraft:iron_sword":10,"minecraft:rotten_flesh":1,"minecraft:torch":128,"minecraft:dirt":15,"minecraft:granite":3,"minecraft:iron_axe":36,"minecraft:written_book":1,"minecraft:furnace":14,"minecraft:cooked_beef":5,"minecraft:cooked_mutton":4,"minecraft:diorite":5,"minecraft:iron_ore":2,"minecraft:stone_pickaxe":100,"minecraft:oak_planks":6,"minecraft:wooden_pickaxe":15,"minecraft:diamond_axe":98,"minecraft:crafting_table":14,"minecraft:white_bed":5,"minecraft:diamond_pickaxe":333,"minecraft:diamond_shovel":45,"minecraft:chicken":3,"minecraft:bread":1,"minecraft:iron_pickaxe":248,"minecraft:iron_door":1,"minecraft:gravel":4,"twilightforest:naga_stone":1,"minecraft:stone_axe":66,"minecraft:diamond_sword":265,"minecraft:cobblestone":92,"minecraft:cooked_porkchop":16,"minecraft:porkchop":5,"minecraft:andesite":1,"minecraft:bucket":1},"minecraft:broken":{"minecraft:iron_pickaxe":1},"minecraft:custom":{"minecraft:mob_kills":55,"minecraft:interact_with_crafting_table":52,"minecraft:leave_game":1,"minecraft:time_since_death":71339,"minecraft:climb_one_cm":8633,"minecraft:sprint_one_cm":400401,"minecraft:walk_one_cm":636234,"minecraft:damage_blocked_by_shield":1836,"minecraft:drop":108,"minecraft:deaths":1,"minecraft:sneak_time":7683,"minecraft:walk_under_water_one_cm":5126,"minecraft:boat_one_cm":15208,"minecraft:jump":2500,"minecraft:walk_on_water_one_cm":27470,"minecraft:interact_with_furnace":115,"minecraft:play_one_minute":175615,"minecraft:sleep_in_bed":4,"minecraft:time_since_rest":9931,"minecraft:damage_taken":2055,"minecraft:trigger_trapped_chest":1,"minecraft:damage_dealt":8944,"minecraft:swim_one_cm":12360,"minecraft:fly_one_cm":435474,"minecraft:open_chest":18,"minecraft:crouch_one_cm":21854,"minecraft:fall_one_cm":41689}},"DataVersion":2586}