{
  "dungeons_arise:wda_root": {
    "criteria": {
      "WDA": "2024-11-03 04:01:43 +0000"
    },
    "done": true
  },
  "dead_guys_untitled_deep_dark_:deep_dark": {
    "criteria": {
      "deep_dark": "2024-11-03 04:01:43 +0000"
    },
    "done": true
  },
  "iceandfire:iceandfire/root": {
    "criteria": {
      "tick": "2024-11-03 04:01:43 +0000"
    },
    "done": true
  },
  "minecraft:adventure/adventuring_time": {
    "criteria": {
      "minecraft:forest": "2024-11-03 04:01:43 +0000",
      "minecraft:wooded_hills": "2024-11-03 18:18:38 +0000"
    },
    "done": false
  },
  "DataVersion": 2586
}